TOT_OA_CD,lat,lon,child_pop
23010520010005,37.455029451975335,126.59588216730675,0.0
23010520010004,37.454736263678505,126.5962315702906,0.0
23010520010003,37.446818845088266,126.61050847272821,6.0
23010520010002,37.459077684134066,126.6104891917812,0.0
23010520010001,37.451261948299916,126.59895433562875,0.0
23010520010006,37.465559270372864,126.5997924514866,0.0
23010520010101,37.448905344386134,126.6208243707201,0.0
23010520010201,37.450781118099684,126.60473096523765,19.0
23010520010204,37.45317244853936,126.60680055877715,10.0
23010520010207,37.45296791346382,126.60532536935563,7.0
23010520010202,37.45053279408972,126.6061952103278,14.0
23010520010208,37.45159955716047,126.6047827077114,20.0
23010520010205,37.45198022390171,126.60730904525589,14.0
23010520010203,37.45135769412252,126.60639280136874,14.0
23010520010206,37.45244155942961,126.60591853701142,8.0
23010530010001,37.471395248757034,126.62109685196354,9.0
23010530020001,37.47051995513269,126.62939093925807,0.0
23010530020101,37.470022913082346,126.62985111307097,22.0
23010530030001,37.471234093458015,126.62582927434458,0.0
23010530030005,37.47449276650797,126.62337444661348,5.0
23010530030003,37.47337645040643,126.62482651745768,17.0
23010530030004,37.47216219919835,126.62154063404296,0.0
23010530030002,37.47300597540202,126.62201132381682,0.0
23010530040001,37.467250635782484,126.62854000654944,6.0
23010530040002,37.468562925565045,126.62759675163487,8.0
23010530040003,37.46849257302916,126.62997226377773,35.0
23010540010001,37.46832958989287,126.6331586990186,12.0
23010540020003,37.46641356824998,126.63109075757393,108.0
23010540020001,37.46715244226556,126.63273125417942,7.0
23010540020002,37.467943234425974,126.63064703801228,55.0
23010540020102,37.46565517598191,126.6336103723489,18.0
23010540020101,37.46618758738059,126.63293410210721,25.0
23010540020201,37.466538888216256,126.63040703567223,21.0
23010540020301,37.466223468734526,126.63191547470797,64.0
23010540020601,37.46557002296328,126.63256859326133,7.0
23010540030002,37.46557839861356,126.63755292909964,10.0
23010540030001,37.46723413084869,126.63610265510292,11.0
23010540030003,37.465423123661935,126.63584188443643,7.0
23010540030004,37.464230999480286,126.63869091514229,27.0
23010540040001,37.464011095180254,126.63140243467333,0.0
23010540040102,37.4642444241035,126.63252587976824,6.0
23010540040101,37.46483878694031,126.63292179535902,11.0
23010540040201,37.46518672557506,126.63130173500414,19.0
23010540050002,37.46267662248481,126.63661838167627,16.0
23010540050001,37.46365340456349,126.6354776069468,52.0
23010540050301,37.463391113675314,126.63462380433006,24.0
23010540060001,37.455843512315354,126.63124166331306,7.0
23010540060102,37.451406743168654,126.62694209132864,34.0
23010540060101,37.45172457339391,126.62670683174392,56.0
23010540060202,37.45726765607619,126.6331745818716,29.0
23010540060204,37.4561569404378,126.63265994654485,27.0
23010540060203,37.45656876999308,126.63340787029942,53.0
23010540060205,37.455771912810306,126.63378631467906,41.0
23010540060201,37.4566017126004,126.6341863734843,34.0
23010540070001,37.43727277523513,126.62378808295452,0.0
23010560010002,37.46814680637891,126.63865475653445,7.0
23010560010007,37.467349715240836,126.63753738758206,5.0
23010560010001,37.469080165913255,126.63857553820209,0.0
23010560010006,37.46923483709106,126.63962604701752,9.0
23010560010005,37.466925162314865,126.64176201928895,5.0
23010560010004,37.467174796198734,126.63942452999086,6.0
23010560010003,37.465282004349085,126.6399186224072,0.0
23010560010101,37.46532190105501,126.6389714225648,5.0
23010570010001,37.46963391883953,126.63736498521153,0.0
23010570020005,37.47022469486389,126.63435841502111,7.0
23010570020002,37.46899066334098,126.63489359483866,6.0
23010570020003,37.47108298119944,126.63339312683705,0.0
23010570020006,37.47024361985941,126.63238537066894,8.0
23010570020001,37.47050416410816,126.63582789001408,0.0
23010570020004,37.469389812376114,126.63397121897158,0.0
23010580010001,37.47180851482558,126.634783286438,8.0
23010580010004,37.47354653480448,126.63169077325468,0.0
23010580010003,37.47255222991095,126.63003979497121,0.0
23010580010002,37.47230131876703,126.63277292063013,9.0
23010580020007,37.47486795854566,126.6292725471313,0.0
23010580020005,37.47519402387241,126.63184736148038,21.0
23010580020006,37.472655059997884,126.62783791640493,10.0
23010580020003,37.478928460243445,126.62605171390888,6.0
23010580020004,37.476965283558734,126.62517749721422,7.0
23010580020001,37.475808164205546,126.62636070884999,12.0
23010580020002,37.47436422158498,126.62778238545958,10.0
23010580020008,37.47749917824411,126.62912677643718,5.0
23010630010006,37.37270263700798,126.44344486867668,0.0
23010630010010,37.40469252634044,126.43866816584722,0.0
23010630010001,37.3864124309216,126.41860568944566,0.0
23010630020003,37.44406705899641,126.38279298722351,0.0
23010630020004,37.434427758643494,126.41538700943543,0.0
23010630020002,37.46511540371647,126.36518018653412,5.0
23010630020006,37.44131063826121,126.36376171137002,0.0
23010630020001,37.45650727740772,126.3576788916933,0.0
23010630030003,37.46514437485482,126.39591554319661,0.0
23010630030001,37.45148544054861,126.38287260915683,0.0
23010630030004,37.436372425714666,126.43239785180228,0.0
23010640010001,37.497744448243296,126.48831849678263,31.0
23010640010101,37.49612509949471,126.48587142005225,30.0
23010640010201,37.49949089420939,126.48616853397466,30.0
23010640010202,37.4987676248889,126.4873015510892,37.0
23010640010203,37.50001043927087,126.48663118669971,26.0
23010640020001,37.493096089108946,126.49134856821709,0.0
23010640030001,37.494615577822664,126.48930507922576,0.0
23010640040001,37.49320973927267,126.48925831993265,5.0
23010640050001,37.491964454192455,126.48564887779862,0.0
23010640050101,37.49175012284895,126.48687662009151,44.0
23010640050102,37.49066980711742,126.48570442979877,14.0
23010640050103,37.49063626417632,126.48692427523024,26.0
23010640050201,37.49187207535286,126.48923885536475,21.0
23010640050202,37.49084051453684,126.4886291106228,31.0
23010640060001,37.49489526963304,126.49197339403031,5.0
23010640060002,37.49332596089221,126.49306126845198,0.0
23010640070101,37.49414996834585,126.48627408972446,15.0
23010640070102,37.49483930842969,126.4867275435882,36.0
23010640070201,37.49340528619154,126.48574255106897,15.0
23010640070202,37.49305422185744,126.48691315439761,16.0
23010640080003,37.489713803012435,126.48728441119263,0.0
23010640080002,37.492480968407286,126.48314351828607,45.0
23010640080001,37.48705230046189,126.48854732145072,0.0
23010640080101,37.488785651910206,126.48593621666934,38.0
23010640080201,37.48960507487094,126.49000482332887,16.0
23010640090002,37.50085096758042,126.49018357493284,30.0
23010640090003,37.498592677940906,126.4799901855069,16.0
23010640090004,37.5014173321578,126.48636015109751,33.0
23010640090005,37.50231813446131,126.4850654449999,29.0
23010640090006,37.5014439293442,126.49393237688827,16.0
23010640090001,37.49515845258994,126.48010414087419,42.0
23010640090101,37.500867895903234,126.48595104511277,22.0
23010640090102,37.4987115327542,126.48426441416294,20.0
23010640090201,37.49994485322498,126.48466680569548,24.0
23010640090301,37.500031719347795,126.48222538987496,20.0
23010640090401,37.49611951842124,126.4822238846577,17.0
23010640090402,37.49648369614894,126.48411145105003,16.0
23010640090403,37.495539881898864,126.48337584221363,29.0
23010640100002,37.4976435223798,126.49910253718113,7.0
23010640100001,37.496352738298576,126.49980509772136,27.0
23010640110003,37.48991618487397,126.4983369148241,0.0
23010640110004,37.49272404846116,126.49736717678275,0.0
23010640110005,37.49082571932576,126.49822127976198,0.0
23010640110006,37.49195136700346,126.49904136559252,0.0
23010640110001,37.48528874350018,126.49855226277411,0.0
23010640110007,37.49054889852472,126.49577723011225,0.0
23010640110002,37.48855437189689,126.49332144286363,6.0
23010640110101,37.482972269041475,126.49986070802274,43.0
23010640110102,37.48269658020287,126.50113727861212,52.0
23010640110103,37.48280995841714,126.50256167943411,42.0
23010640110104,37.48152752577596,126.50143481329042,58.0
23010640110105,37.48209985135993,126.49993270000854,39.0
23010640110106,37.4835382020752,126.50081170670545,36.0
23010640110202,37.48406382663797,126.49984596814578,27.0
23010640110201,37.48498006255808,126.49971512654339,0.0
23010640110301,37.489021611104796,126.49833703576783,58.0
23010640110302,37.48896988727449,126.49923512010672,67.0
23010640110401,37.488569326077446,126.50253901719297,0.0
23010640110402,37.487749109984186,126.5016841874874,10.0
23010640110501,37.4872824279925,126.49940531255777,68.0
23010640120003,37.472201984315085,126.4471576082273,0.0
23010640120002,37.45890291148872,126.48265988302755,0.0
23010640120001,37.478711828455246,126.37807049250725,0.0
23010640130004,37.496345209493875,126.50371313991488,18.0
23010640130007,37.48522195202118,126.51079131644903,0.0
23010640130006,37.48553798806577,126.50778721859766,0.0
23010640130009,37.48195082100614,126.51112081794629,0.0
23010640130008,37.484656320901905,126.50635521526921,0.0
23010640130001,37.483738690185056,126.51112835818803,0.0
23010640130003,37.48460309920834,126.50921453977264,0.0
23010640130002,37.492955232247745,126.51002617938356,0.0
23010640130005,37.4828865051242,126.50861878199855,0.0
23010640130101,37.481543042753586,126.50813925952482,39.0
23010640130102,37.48130103507914,126.5091277159461,20.0
23010640130301,37.488760650084814,126.50374877019185,80.0
23010640130302,37.489985888593615,126.50376761940076,96.0
23010640130303,37.4892322957981,126.50495655570825,84.0
23010640130401,37.48235340061115,126.5089721401713,36.0
23010650010005,37.50510201663243,126.54074348960182,19.0
23010650010006,37.50962622944188,126.53122005981866,0.0
23010650010001,37.50403388549787,126.55813374605296,12.0
23010650010002,37.50997671859546,126.55483122721762,31.0
23010650010003,37.49845196971258,126.55043833528455,8.0
23010650010004,37.51373624065131,126.53751280431912,25.0
23010650020001,37.514472975210325,126.50214330265,26.0
23010650020004,37.52215802348685,126.51268855794737,0.0
23010650020005,37.5117179560674,126.51355762317128,5.0
23010650030001,37.486704477844526,126.53956301569707,20.0
23010650030011,37.49299343034065,126.53076347150245,5.0
23010650030010,37.49187526565317,126.5338434753299,5.0
23010650030002,37.49608675267386,126.54194291861235,15.0
23010650030005,37.50185950810037,126.52779704315701,15.0
23010650030004,37.49669105212716,126.53775910190129,5.0
23010650030007,37.49463178397355,126.53154861829515,0.0
23010650030006,37.493994243284085,126.53366640725721,6.0
23010650030009,37.498575685961555,126.51825433163837,10.0
23010650030008,37.48986408135007,126.53212740798492,0.0
23010650030003,37.48392768785433,126.52590790731173,6.0
23010650030012,37.492032193507455,126.53171695329415,0.0
23010650030105,37.48793987548797,126.53177342269643,30.0
23010650030102,37.48887367979664,126.53100197884736,21.0
23010650030103,37.49064111790444,126.52902194416123,65.0
23010650030106,37.48932189993701,126.52914973335547,44.0
23010650030101,37.48860035464369,126.53246106820183,32.0
23010650030104,37.48860110900232,126.53019044421241,37.0
23010650040001,37.47633684510155,126.52654788756905,5.0
23010650040101,37.480447286427356,126.50237460073599,59.0
23010650040103,37.48030106331057,126.50431408505828,64.0
23010650040105,37.48133087643323,126.50325622423192,83.0
23010650040102,37.48084521465521,126.50414747226314,99.0
23010650040104,37.4796664480752,126.50371052195428,72.0
23010650040206,37.4801413876986,126.50646806924505,47.0
23010650040203,37.47893607618164,126.50507464119345,47.0
23010650040205,37.47927643126075,126.50759686587874,63.0
23010650040202,37.47962696042688,126.50564224425895,58.0
23010650040204,37.47802943081211,126.50724105766432,58.0
23010650040201,37.478369511049294,126.50618788587497,58.0
23010650040301,37.47864340654703,126.51177144920518,21.0
23010650040401,37.47831355161803,126.51343747803418,44.0
23010650040403,37.47711725896306,126.51309269180223,41.0
23010650040402,37.47778846243122,126.51428946963206,53.0
23010670010002,37.477559979502715,126.61998325016985,7.0
23010670010001,37.47476427763984,126.61761069357509,0.0
23010670010011,37.479902084249204,126.62513428874152,6.0
23010670010010,37.48001443872481,126.62371665956617,8.0
23010670010009,37.48069344235223,126.62425865712584,19.0
23010670010008,37.47522981961395,126.61898223308596,7.0
23010670010007,37.47697160852454,126.61813132900016,15.0
23010670010006,37.476268254094805,126.62084688130058,5.0
23010670010005,37.47957447630417,126.61812466312615,11.0
23010670010004,37.478444108961334,126.62097549213038,0.0
23010670010003,37.47938382130002,126.62212383455085,6.0
23010670010201,37.47961602793333,126.61948077896248,26.0
23010670010301,37.48022980175768,126.62236095705114,8.0
23010670020001,37.48025784051937,126.60792779205867,0.0
23010670020002,37.48206377045332,126.59641988636336,0.0
23010670030004,37.47561647933804,126.59939562632128,6.0
23010670030002,37.471799871023954,126.60462488305393,7.0
23010681010004,37.48411852885539,126.556516722922,0.0
23010681010005,37.490698823183855,126.55047709332909,0.0
23010681010006,37.4887179129532,126.55721079865667,0.0
23010681010001,37.48648460998118,126.5598760664907,8.0
23010681010007,37.48554311178114,126.5525994136658,0.0
23010681010002,37.494578690076914,126.55277672310044,0.0
23010681010101,37.485078690618245,126.55875040493795,37.0
23010681010102,37.484470179858555,126.56003428560857,53.0
23010681010103,37.483921083964646,126.55882504763188,39.0
23010681010201,37.48593285484346,126.55675565346853,48.0
23010681010202,37.48626353821047,126.55758895723545,44.0
23010681010203,37.48538836387322,126.55759803694022,36.0
23010681010204,37.48563361372172,126.55594704349632,61.0
23010681010304,37.48741702868607,126.55580148880227,93.0
23010681010301,37.48809703714382,126.55462406540147,69.0
23010681010306,37.48644939346263,126.55482890408183,52.0
23010681010303,37.48567504566255,126.55354863628358,59.0
23010681010305,37.485660795175846,126.55462836317606,69.0
23010681010308,37.48645310737246,126.55370117274938,29.0
23010681010302,37.487045207479355,126.55371894726939,72.0
23010681010307,37.48717191406382,126.55473744640194,74.0
23010681010401,37.48678297286606,126.5504299655612,77.0
23010681010406,37.48638915507966,126.55148553069698,90.0
23010681010403,37.4878776524342,126.5523598385893,114.0
23010681010405,37.48977916953617,126.55202525142212,95.0
23010681010408,37.48917692721791,126.55135591503121,138.0
23010681010402,37.48674133111881,126.55228656795795,104.0
23010681010407,37.4876479127595,126.55105655127119,99.0
23010681010404,37.48860184327434,126.55066765610931,117.0
23010681010601,37.492977433899185,126.55806406232706,54.0
23010681010606,37.49302659693728,126.55463136555238,42.0
23010681010603,37.4941337370676,126.55576216291905,64.0
23010681010605,37.493274481997986,126.55720086830895,40.0
23010681010608,37.49221709097332,126.55724167566271,75.0
23010681010602,37.491886134596975,126.55625819879243,72.0
23010681010607,37.49274435624106,126.55558669348753,61.0
23010681010604,37.493807087469705,126.5567340338585,53.0
23010681010704,37.490520765022104,126.55577764565241,39.0
23010681010705,37.49099591992168,126.5524548783721,45.0
23010681010706,37.490439648811865,126.55326816629102,49.0
23010681010701,37.49153567071723,126.55449945961121,56.0
23010681010702,37.49086075117556,126.55501471748494,59.0
23010681010703,37.49203121189923,126.5535607450716,51.0
23010681010804,37.49318446763948,126.55234058376196,116.0
23010681010801,37.4926026674073,126.55176351865431,89.0
23010681010802,37.49162042001473,126.55143282468707,124.0
23010681010803,37.49239346585974,126.55052809351619,84.0
23010681010901,37.485579100670655,126.55095920938125,5.0
23010681010902,37.484244084961766,126.55087708551555,20.0
23010681011102,37.48419599600323,126.55251769200669,54.0
23010681011103,37.48385626429385,126.55396125101976,61.0
23010681011101,37.484830423386946,126.5540325493692,58.0
23010681011201,37.49220296984955,126.55925846493253,27.0
23010681011202,37.4900983003385,126.55915051963552,70.0
23010681011203,37.49076760768204,126.55790704238609,71.0
23010681011204,37.4911591274598,126.56029658391489,73.0
23010681011205,37.49163696704968,126.55867504358375,73.0
23010681011206,37.49146326258147,126.55786995842017,39.0
23010681011304,37.490510637097856,126.54824006240973,73.0
23010681011301,37.4915140073457,126.54942026608245,66.0
23010681011306,37.48852727772683,126.54786318012746,92.0
23010681011309,37.48819339062914,126.5493255083739,81.0
23010681011303,37.48889574573191,126.54856572230226,90.0
23010681011305,37.48976571298893,126.54907280957214,85.0
23010681011308,37.48916390633195,126.54960298613739,73.0
23010681011302,37.49052232420471,126.54906167096816,89.0
23010681011307,37.489596027076516,126.5472528608147,74.0
23010681011401,37.48732389339614,126.54835974285561,97.0
23010681020001,37.48316153551563,126.56432459305435,0.0
23010691010001,37.49618341473326,126.57057368976605,48.0
23010691010004,37.49524228912041,126.55511753898364,0.0
23010691010005,37.497495020697244,126.58875186442386,0.0
23010691010201,37.50106832698565,126.5639341623353,41.0
23010691010202,37.500847312139136,126.56287472780507,40.0
23010691010305,37.49645185467702,126.55676957950573,106.0
23010691010301,37.49742378404356,126.55614242290149,117.0
23010691010302,37.4965103787881,126.55570980888298,152.0
23010691010303,37.49625924025728,126.55345780255618,131.0
23010691010304,37.49838351112032,126.55619355175578,85.0
23010691010401,37.49371155162061,126.56648252715078,105.0
23010691010406,37.493574822178815,126.56968573294762,70.0
23010691010409,37.49183548170738,126.56782464486557,83.0
23010691010403,37.49315834554235,126.5691749978817,68.0
23010691010405,37.49422300019151,126.56699031569977,86.0
23010691010408,37.49345265649221,126.56780626475997,67.0
23010691010402,37.492846530415996,126.56816706834572,97.0
23010691010407,37.49235453165092,126.56888727850753,75.0
23010691010404,37.49294523951509,126.56615164703685,68.0
23010691010501,37.49572655206842,126.56648866676191,81.0
23010691010502,37.495137345689244,126.56752947747847,69.0
23010691010503,37.494492994400446,126.56826495020645,95.0
23010691010601,37.49460439311309,126.57090511881312,9.0
23010691010701,37.50209316189753,126.56772948665707,31.0
23010691010801,37.491549074372585,126.56672366205689,58.0
23010691010806,37.49106698324602,126.56500201774752,44.0
23010691010809,37.49152919035258,126.56548126282743,64.0
23010691010803,37.49087066096084,126.56697918941387,76.0
23010691010805,37.489549604736396,126.564668396717,36.0
23010691010808,37.49201676434304,126.56598755612958,40.0
23010691010802,37.489538418281285,126.56557605338938,70.0
23010691010807,37.490311337387695,126.56617918435255,61.0
23010691010810,37.49060301325102,126.5645050923564,45.0
23010691010804,37.4900399672515,126.56391909208908,46.0
23010691010908,37.49252563557926,126.5652213706605,50.0
23010691010902,37.49056764538382,126.56315744147646,31.0
23010691010907,37.49203132354701,126.56239997858691,41.0
23010691010910,37.491242786495306,126.56211842017463,28.0
23010691010904,37.49159837350787,126.56424109832867,36.0
23010691010901,37.4920348969012,126.56469956587489,29.0
23010691010906,37.49294538869759,126.56444755088667,46.0
23010691010909,37.49246522546511,126.56337803474302,27.0
23010691010903,37.49115172230096,126.56376501604892,34.0
23010691010911,37.49340032148289,126.56377239181641,49.0
23010691010905,37.491591949310084,126.56308525840376,34.0
23010691011001,37.49299357619843,126.55984148663127,100.0
23010691011002,37.49298738884518,126.56188333011036,54.0
23010691011003,37.49258267104485,126.56063611473829,46.0
23010691011004,37.49223667163634,126.56133957767732,48.0
23010691011102,37.49535896926194,126.55841386618013,130.0
23010691011103,37.49462018285496,126.55827094038712,106.0
23010691011104,37.496097765176195,126.55800490547968,120.0
23010691011101,37.494770358138446,126.55716682271333,109.0
23010540070002,37.4289409076725,126.62321085130475,0.0
23010630010009,37.36197022670545,126.44152378522256,0.0
23010630010016,37.358443551032984,126.51153087309565,0.0
23010630010020,37.40144659114427,126.39182825881281,0.0
23010630020005,37.43231817730223,126.39497877072462,0.0
23010630030002,37.41343067413642,126.44036523420279,0.0
23010650020010,37.515758491159126,126.48714076285574,0.0
23010650020003,37.539434477476284,126.502867011913,0.0
23010670030001,37.46560204330128,126.60236101393791,0.0
23020510010001,37.487790945109474,126.61974846694444,5.0
23020510010006,37.48463942520898,126.62585902228078,9.0
23020510010005,37.483515636122824,126.62111279253207,17.0
23020510010004,37.48081943795575,126.62602248055109,9.0
23020510010003,37.48197101123116,126.62051343054446,0.0
23020510010002,37.48314889463569,126.62493839465662,5.0
23020510010301,37.483536439706945,126.62731257700625,53.0
23020510010403,37.485155450257245,126.62029806646134,25.0
23020510010402,37.48621799750784,126.62107164614042,34.0
23020510010401,37.48466324384697,126.6211902235799,25.0
23020510010406,37.484328925516856,126.62005715779168,19.0
23020510010405,37.48520401303104,126.62163951860052,15.0
23020510010404,37.48569168967721,126.62213832296301,23.0
23020520010002,37.478504803644526,126.63085439788844,0.0
23020520010003,37.481761582921095,126.63025652487704,6.0
23020520010004,37.47920504613031,126.63240208943141,19.0
23020520010005,37.48256934960365,126.63116385220533,0.0
23020520010006,37.4805217470097,126.63197461937209,8.0
23020520010007,37.48002003996573,126.63057468170054,8.0
23020520010008,37.481545009047935,126.63224332086756,6.0
23020520010009,37.48189640723996,126.62859914712199,14.0
23020520010010,37.483827661084824,126.6288378524412,0.0
23020520010001,37.47898110884492,126.62939881931725,0.0
23020520010101,37.48116470417631,126.62788791449383,13.0
23020520010102,37.48123086311526,126.62713563574525,10.0
23020520010201,37.48311024170198,126.62807726140561,16.0
23020520010202,37.4831763852446,126.62869682497329,17.0
23020530010005,37.48656105174725,126.63096736078406,0.0
23020530010004,37.484436395814924,126.63087128223474,5.0
23020530010003,37.48523304140439,126.62936527939951,0.0
23020530010002,37.48342344417774,126.63126106453171,0.0
23020530010001,37.484107698057805,126.6289918229287,0.0
23020530010006,37.48113664861401,126.63367908532922,0.0
23020530010101,37.47963517893935,126.63315198430908,0.0
23020530010201,37.481026298896,126.63469461517724,11.0
23020530010301,37.48255265457422,126.63434782593514,0.0
23020530010305,37.481598398581944,126.63532215595268,17.0
23020530010304,37.482920263855675,126.63556237011942,10.0
23020530010303,37.48239749170457,126.63538226885467,8.0
23020530010302,37.48204460070029,126.63650337995433,26.0
23020530010402,37.48383961632562,126.63320130637456,7.0
23020530010401,37.48325332623315,126.6338687170634,8.0
23020550010003,37.476997608435305,126.63433857330209,0.0
23020550010002,37.47636227750121,126.63345889974299,5.0
23020550010001,37.47959026004604,126.63758140777854,0.0
23020550010102,37.47947148920404,126.63540263672351,10.0
23020550010101,37.47976629190563,126.63472326010474,29.0
23020550010104,37.48078393896809,126.63715175310763,20.0
23020550010103,37.48117719558517,126.63657472488154,23.0
23020550010204,37.477515200742126,126.63821523419085,27.0
23020550010207,37.479073825566566,126.63685270591864,18.0
23020550010202,37.48001140712025,126.6377735020981,21.0
23020550010212,37.47791454552265,126.63543649079908,37.0
23020550010208,37.4785671639394,126.63603098754758,31.0
23020550010205,37.4776110679037,126.63732693416402,25.0
23020550010210,37.47807408293231,126.63743222307765,27.0
23020550010203,37.47749737424358,126.63634713032747,28.0
23020550010213,37.477171201331544,126.635446077328,27.0
23020550010209,37.47950936013411,126.63736872713982,22.0
23020550010206,37.47890975664302,126.63790975715128,30.0
23020550010201,37.477049352401856,126.63717899698855,40.0
23020550010211,37.478456314039214,126.6376913434199,38.0
23020570010001,37.4799007773419,126.64162746377997,5.0
23020570020001,37.48935665865243,126.64072330543367,0.0
23020570020101,37.4816445092297,126.64132597833954,0.0
23020570020201,37.48295672214731,126.64244246130131,0.0
23020570020202,37.481843172217715,126.64320893848306,5.0
23020570020302,37.48163263036514,126.64397113137463,15.0
23020570020301,37.48141987801021,126.64490708513958,8.0
23020580010002,37.47525518156162,126.63940588054605,0.0
23020580010101,37.473609416479476,126.63970709058547,21.0
23020580010208,37.4747862682259,126.6368459045893,46.0
23020580010209,37.47538204024358,126.63855275738443,48.0
23020580010207,37.47643703648247,126.63830967553581,34.0
23020580010201,37.47462816153053,126.6386076181267,36.0
23020580010202,37.475903423961604,126.638516230305,43.0
23020580010210,37.47494662188659,126.63756022529024,38.0
23020580010203,37.4762688236068,126.63636923148475,32.0
23020580010206,37.47512076924687,126.63555395274096,14.0
23020580010205,37.4755692363427,126.63694771085504,58.0
23020580010204,37.476401060091845,126.63722247220707,18.0
23020580010301,37.47426771875274,126.64125920506983,29.0
23020590010003,37.477091588238494,126.6434681440981,0.0
23020590010002,37.47770767195348,126.642399271897,0.0
23020590010001,37.47467447638833,126.64315496681037,0.0
23020600010001,37.47196763780972,126.64638248087898,6.0
23020600010002,37.47287552271131,126.6510875544164,14.0
23020600010003,37.47386630238724,126.6483515292012,0.0
23020600010004,37.47410995723443,126.64452841003047,23.0
23020600010203,37.47322317312396,126.65010327942548,47.0
23020600010204,37.47589322757067,126.6487351845418,16.0
23020600010205,37.47347914644063,126.65105443505385,32.0
23020600010206,37.47211538242255,126.65090747265036,32.0
23020600010201,37.474567022409076,126.64917672817454,29.0
23020600010202,37.47272966625814,126.651355468952,22.0
23020600010301,37.46974676901748,126.64924010653404,11.0
23020610010001,37.47831510393571,126.65036158074007,0.0
23020610020001,37.48223183456792,126.661215722599,17.0
23020610020101,37.48153333760027,126.65182404073181,31.0
23020610020105,37.479345791563375,126.65145943434067,22.0
23020610020103,37.479441420580365,126.65041202721677,13.0
23020610020104,37.48014145329959,126.65094134086502,35.0
23020610020102,37.48080472927403,126.65145531582486,44.0
23020610030001,37.47841275483775,126.65336436660905,0.0
23020610030101,37.47703853395515,126.65282706140185,52.0
23020610030104,37.477466707587034,126.6523413829711,56.0
23020610030102,37.47651039407795,126.65188523697215,63.0
23020610030103,37.4767116901567,126.65053515943738,79.0
23020630010001,37.47763553775662,126.64683049111194,6.0
23020630010002,37.479802056756114,126.6464490310316,11.0
23020630020001,37.48405366782699,126.64893897738212,27.0
23020630020002,37.48145569453308,126.64766491777631,8.0
23020630020101,37.48102796276177,126.65011076770772,30.0
23020630020105,37.48107307689154,126.6485678921391,37.0
23020630020103,37.48207862838399,126.65092783402358,28.0
23020630020104,37.48224874769045,126.64985217009786,42.0
23020630020102,37.47984322098984,126.64912808228688,24.0
23020630020107,37.480244468300235,126.64814824330473,34.0
23020630020106,37.48043928170389,126.64937763036352,47.0
23020640010005,37.470985290156705,126.64163694756286,8.0
23020640010001,37.47155218230136,126.64332947230076,12.0
23020640010002,37.47200984810003,126.63931184621299,9.0
23020640010003,37.471414853270616,126.63841044056413,5.0
23020640010004,37.472828021868864,126.64043679087072,5.0
23040510010001,37.42301421078351,126.6436411180596,22.0
23040510010201,37.42236877166217,126.64464818389786,22.0
23040510010202,37.42179718667575,126.6444631989515,10.0
23040510020002,37.423399454240325,126.65247298942546,44.0
23040510020003,37.425453354934774,126.65470979047967,15.0
23040510020006,37.42373551923941,126.64872346897306,0.0
23040510020001,37.42759233002792,126.65510710075432,0.0
23040510020004,37.422768455737256,126.64752939136619,0.0
23040510020103,37.424581234299076,126.65270168893204,29.0
23040510020101,37.42527521327236,126.65375394468121,30.0
23040510020102,37.425376492415,126.6528713330104,21.0
23040510020302,37.423385260031324,126.64581220321423,36.0
23040510020303,37.423690874083036,126.6450204838068,28.0
23040510020301,37.42408590446353,126.64577313632243,59.0
23040510020401,37.42390921492308,126.6469007445311,36.0
23040510020402,37.42395973538158,126.6477099990208,21.0
23040510020403,37.423223224435084,126.64714955593074,8.0
23040510020502,37.426855034547366,126.65526025903836,7.0
23040510020501,37.42703895777594,126.65604312659235,12.0
23040510020601,37.42389695261759,126.6514677158891,57.0
23040510020602,37.42368013254296,126.65229376034861,20.0
23040510020801,37.422803124745826,126.64872243412258,48.0
23040510020903,37.42378249075266,126.65020633787168,28.0
23040510020901,37.42337397883244,126.65020613643792,34.0
23040510020902,37.42419213132281,126.6501622873099,34.0
23040510021001,37.42606282901052,126.65522690301388,26.0
23040510030006,37.42089380744974,126.64860451889751,21.0
23040510030007,37.41755022654972,126.65426704895417,23.0
23040510030004,37.42503593735631,126.65690359992236,7.0
23040510030005,37.422349991906565,126.65730441274087,21.0
23040510030008,37.417752021940046,126.64433650649667,0.0
23040510030009,37.41955040166178,126.65772915325866,24.0
23040510030010,37.423412165236456,126.6560968256694,29.0
23040510030011,37.42215154201648,126.65270346951057,21.0
23040510030012,37.424479945076946,126.65723362233761,5.0
23040510030002,37.42646005844381,126.6588979687231,7.0
23040510030003,37.41981096877413,126.65180198429593,40.0
23040510030001,37.421608361564324,126.6477743616291,31.0
23040520010001,37.43683434496584,126.70237298212113,17.0
23040520010002,37.43540533517163,126.69940451500139,6.0
23040520020001,37.43004143848035,126.70251577963701,0.0
23040520020002,37.423670233736246,126.70046869548497,5.0
23040520020102,37.425424057619985,126.70214474819178,31.0
23040520020101,37.42493708871931,126.70175392908114,17.0
23040520020203,37.42640596889443,126.69951292001375,20.0
23040520020201,37.426368838917426,126.70064549244283,25.0
23040520020202,37.42763273094572,126.69954981029218,23.0
23040520020301,37.42452020549615,126.70042140774207,42.0
23040520020304,37.425589400993715,126.69987362834648,36.0
23040520020302,37.425048849887695,126.70068132231998,10.0
23040520020303,37.424789109505326,126.6991700566864,34.0
23040520020401,37.42434292999305,126.70214366680706,29.0
23040520020402,37.42464085982408,126.70299403345082,19.0
23040520030011,37.42894026092601,126.69615042991178,10.0
23040520030012,37.42345069036461,126.69436776612218,17.0
23040520030002,37.426907245182974,126.69767416577137,0.0
23040520030003,37.428636989606595,126.69756853072896,14.0
23040520030010,37.42472481162012,126.6967713392982,30.0
23040520030001,37.43016813362962,126.6978640988604,6.0
23040520030006,37.42405362611874,126.69426374267208,5.0
23040520030007,37.42535937058918,126.6977496265656,11.0
23040520030004,37.42918917712065,126.69168659211334,24.0
23040520030005,37.427712422417024,126.69722334786952,26.0
23040520030008,37.42340351007471,126.6924408699319,22.0
23040520030009,37.42359692453675,126.69676294490407,7.0
23040520030103,37.43138337305701,126.69346029166313,74.0
23040520030104,37.430902491943066,126.69461911560947,74.0
23040520030102,37.43156334125685,126.69447058566927,86.0
23040520030101,37.43117783679133,126.69584216078783,87.0
23040520030201,37.42863481005734,126.69530282668907,23.0
23040520030301,37.43013742014175,126.6959080280787,22.0
23040520030302,37.42993059241487,126.69523227915872,11.0
23040520040001,37.42061027000389,126.69792021764724,0.0
23040520040103,37.41853314616822,126.69648843810536,0.0
23040520040101,37.41837382631015,126.69510262753059,0.0
23040520040102,37.41973829755964,126.69703191141758,0.0
23040520040201,37.42189466807445,126.69828185643257,26.0
23040520040204,37.42104040861361,126.69925230743661,20.0
23040520040202,37.422142034473424,126.70050268601997,27.0
23040520040203,37.42280603393013,126.6992627480291,18.0
23040530010026,37.42641153926881,126.68139245492391,24.0
23040530010022,37.42462198083496,126.68475237659864,35.0
23040530010006,37.42404365542587,126.68893737785338,25.0
23040530010002,37.425186597920934,126.67367738998027,16.0
23040530010012,37.425418111833125,126.68550927046479,31.0
23040530010023,37.42591881903562,126.68149416974748,38.0
23040530010007,37.426684737797295,126.68038117556227,40.0
23040530010003,37.4247590597097,126.6821030701005,7.0
23040530010013,37.42566933627833,126.67998812660107,32.0
23040530010011,37.425145183709645,126.68675128413761,32.0
23040530010016,37.427962568551365,126.67663760008058,17.0
23040530010024,37.42494366371757,126.68480070267952,36.0
23040530010020,37.426262471307155,126.68428840921504,19.0
23040530010004,37.42595256521568,126.68344272897531,46.0
23040530010014,37.42520754988644,126.67932015781523,19.0
23040530010017,37.42602605634871,126.68561433817827,43.0
23040530010008,37.42478689344302,126.68366595956988,29.0
23040530010018,37.428875971495614,126.68238762410913,29.0
23040530010010,37.42529269559928,126.67789919886744,27.0
23040530010025,37.426743978985556,126.68313773739351,17.0
23040530010021,37.42735964533222,126.6863316907741,31.0
23040530010005,37.42568620120821,126.67754627310258,25.0
23040530010001,37.425118010960425,126.68053924594392,29.0
23040530010015,37.4246940722955,126.67876575324053,36.0
23040530010009,37.42536766642068,126.6817721778958,33.0
23040530010019,37.42621815423949,126.6794355364002,23.0
23040530020002,37.42121780238078,126.67425103586561,17.0
23040530020012,37.41926523993475,126.67797566320696,30.0
23040530020008,37.42180577760043,126.67769048237237,25.0
23040530020007,37.42110912600714,126.67486023230035,16.0
23040530020010,37.42100982697593,126.67754159910173,40.0
23040530020005,37.419736981898374,126.6786008885041,23.0
23040530020015,37.42387518235208,126.68301533834934,0.0
23040530020014,37.419576367562556,126.67983407741906,22.0
23040530020006,37.42383449113431,126.67770389386536,0.0
23040530020003,37.42152129260395,126.67618843945004,35.0
23040530020013,37.42233730796985,126.67499529162325,66.0
23040530020009,37.41884288610674,126.68014779421298,41.0
23040530020004,37.42022033280992,126.67679306516779,42.0
23040530020001,37.42086402512995,126.67583346855834,19.0
23040530020011,37.42065600023139,126.67954751253559,36.0
23040530020101,37.42282188156824,126.67724798012232,22.0
23040530020102,37.42227321942423,126.67905193983647,35.0
23040530020201,37.42349840950423,126.67943893321494,35.0
23040530020301,37.42329794063765,126.68057704580123,28.0
23040530020401,37.42158218083713,126.68066881346687,0.0
23040530020502,37.420451351357414,126.68124880268535,15.0
23040530020501,37.42073229470067,126.68243296047669,14.0
23040530020705,37.42257642897321,126.68487912341118,0.0
23040530020702,37.42214136711905,126.68314030262012,28.0
23040530020703,37.42345368330975,126.68353782220537,22.0
23040530020701,37.42357680312724,126.68531957571851,16.0
23040530020704,37.42301462940417,126.6853866985825,14.0
23040530020802,37.42397565161651,126.67245748747173,17.0
23040530020801,37.424600161072036,126.67102514578232,13.0
23040530020901,37.422704434343295,126.6737834766617,21.0
23040530020902,37.422487805094974,126.67296714369797,17.0
23040530021002,37.42404640779221,126.67408386850587,20.0
23040530021001,37.42399988254624,126.67566967949583,29.0
23040540010001,37.415581002124654,126.6913859332278,0.0
23040540010103,37.41329972274003,126.68800575658483,0.0
23040540010102,37.41416317344443,126.68846788256265,0.0
23040540010101,37.414893984497226,126.68625356592683,0.0
23040540010106,37.413922629000005,126.68717455391271,0.0
23040540010105,37.41498670047757,126.68726802771116,0.0
23040540010104,37.41414334695688,126.68640665221297,0.0
23040540010201,37.41567495845243,126.6893432140678,30.0
23040540010205,37.41509909319453,126.69022443922985,12.0
23040540010204,37.41464122448429,126.68932634175886,35.0
23040540010203,37.415370093032315,126.68818528114224,21.0
23040540010202,37.41618815352492,126.68797073054245,29.0
23040540020001,37.41271350181955,126.68364295203068,17.0
23040540020003,37.413271567277135,126.67887146922823,17.0
23040540020002,37.41143028114367,126.68051462789562,17.0
23040540020005,37.4148131096382,126.68152273439661,20.0
23040540020004,37.41461324084749,126.67731109264537,0.0
23040540020007,37.41369023598695,126.68046902032467,28.0
23040540020006,37.4149473411093,126.68015207911408,20.0
23040540020009,37.41279216053053,126.67718977436434,21.0
23040540020008,37.41552907922403,126.6787108809578,21.0
23040540020103,37.41069322615051,126.68250601957831,23.0
23040540020106,37.409478026613684,126.6831231546396,32.0
23040540020107,37.40912960096095,126.68385552057755,16.0
23040540020101,37.40971694713442,126.68156589242203,35.0
23040540020104,37.41009001813807,126.6837839825382,18.0
23040540020105,37.41074145640447,126.68355410564824,31.0
23040540020102,37.409450915342845,126.68240960638259,36.0
23040540020201,37.41653057306472,126.6775930327342,17.0
23040540020301,37.41621593726745,126.6800892513337,23.0
23040540020401,37.416472509227226,126.67925376220136,16.0
23040540020502,37.413687236271755,126.6836595287111,36.0
23040540020503,37.41302128678301,126.68222016869144,34.0
23040540020501,37.41432523526922,126.68268055295894,14.0
23040540020606,37.41102404606508,126.68415034929295,40.0
23040540020603,37.41236872099594,126.68531965738299,28.0
23040540020609,37.411773180650634,126.68652375436515,42.0
23040540020604,37.41088568467416,126.68557474302568,57.0
23040540020601,37.41268597070974,126.68605787154098,47.0
23040540020602,37.41123085815104,126.68488305477528,37.0
23040540020608,37.41196775770941,126.68478276920989,46.0
23040540020607,37.41176407404507,126.68384489932797,15.0
23040540020605,37.41291208560983,126.68436554741541,5.0
23040550010002,37.41781998280278,126.68145798688322,0.0
23040550010001,37.419976219850966,126.68750341220063,0.0
23040550010003,37.42242966147438,126.69423482444955,0.0
23040550010104,37.417000403345924,126.69207624707309,17.0
23040550010103,37.418199599781445,126.69261057058071,27.0
23040550010102,37.41741298579446,126.69160165122929,27.0
23040550010101,37.41764963267697,126.6910165056019,26.0
23040550010203,37.41816046370894,126.68451666829993,23.0
23040550010202,37.41914787413686,126.68278631848301,7.0
23040550010201,37.41844207494434,126.68367578133088,21.0
23040550010301,37.41706060391592,126.68311937338218,35.0
23040550010302,37.416360328521044,126.68338232502984,26.0
23040550010404,37.415166746965724,126.68435672373616,0.0
23040550010403,37.415163788316406,126.68532330771845,5.0
23040550010402,37.41573346509552,126.68591176297024,15.0
23040550010401,37.41610589736612,126.68472898560458,23.0
23040550010502,37.41733117761965,126.68803443650808,6.0
23040550010501,37.41775147509275,126.6864807246039,20.0
23040550010503,37.417022108968105,126.68741037576156,11.0
23040550010603,37.42031807488975,126.69396129790772,29.0
23040550010602,37.42032143706927,126.69525758831058,23.0
23040550010601,37.41916967302194,126.69370580866033,32.0
23040550010703,37.42135328222906,126.69562026369972,36.0
23040550010702,37.42178144034236,126.69471369792869,28.0
23040550010701,37.4225848387868,126.69631498825308,33.0
23040550010802,37.42214088665708,126.69136259218747,0.0
23040550010807,37.420051727409984,126.6923885664526,19.0
23040550010801,37.420802668018744,126.69090434341945,0.0
23040550010806,37.42061865263729,126.692764930151,27.0
23040550010805,37.42186156107963,126.6927933501043,17.0
23040550010804,37.42126363177437,126.691265024774,7.0
23040550010803,37.420285684546215,126.69047231486304,0.0
23040560010002,37.43335195520163,126.66017492561791,8.0
23040560010012,37.42705255609335,126.66548411249909,8.0
23040560010005,37.42891871690421,126.66083146333332,7.0
23040560010015,37.426713156942405,126.66768259709698,12.0
23040560010010,37.42819520189321,126.67178385613508,8.0
23040560010003,37.431040151982664,126.66027504637404,20.0
23040560010013,37.42772595613947,126.66299799653882,18.0
23040560010006,37.430516465811536,126.66895235273688,14.0
23040560010016,37.429333512729436,126.66211461849771,11.0
23040560010001,37.428475135015,126.66682107575075,24.0
23040560010011,37.42976872665629,126.66496371535258,17.0
23040560010009,37.428413967897825,126.66231914803127,17.0
23040560010008,37.427729362927884,126.66538089881708,15.0
23040560010004,37.42773528684102,126.66809195684236,6.0
23040560010014,37.42848862016351,126.66527251619429,18.0
23040560010007,37.43026417903211,126.66263832240813,18.0
23040560010017,37.43171962053918,126.66508586070678,11.0
23040560010102,37.42828154378853,126.66948591638163,26.0
23040560010101,37.42888226670019,126.67020629335669,10.0
23040560020002,37.42590758405591,126.66632128593005,7.0
23040560020003,37.42119260371111,126.66288636221269,17.0
23040560020001,37.4243639803163,126.665428478329,19.0
23040560020004,37.426036628720325,126.66168122985026,24.0
23040560020005,37.42537383204376,126.66494311616641,26.0
23040560020101,37.42430991034269,126.66787022994289,22.0
23040560020102,37.42456837355676,126.66670800197487,16.0
23040560020201,37.42579952055203,126.66213623543845,15.0
23040560020301,37.42186753168037,126.66503708697775,13.0
23040560020302,37.421387115367914,126.66695468467172,22.0
23040560020401,37.425582199010385,126.66608277883822,7.0
23040560020502,37.42228929688967,126.66733284602228,26.0
23040560020503,37.422798689810804,126.66596057967145,19.0
23040560020501,37.42338568530583,126.66718495584566,21.0
23040560030002,37.41858584088022,126.67514564360317,16.0
23040560030012,37.42090869064277,126.66861392057493,0.0
23040560030003,37.41827786215525,126.67388928340945,31.0
23040560030010,37.41705486345618,126.66618729722393,17.0
23040560030006,37.41821952589939,126.67109299964892,23.0
23040560030007,37.417145272550876,126.67424007454656,19.0
23040560030001,37.41940597464169,126.6713770619317,22.0
23040560030005,37.41684628685777,126.67589528118124,0.0
23040560030011,37.41827740786815,126.67267571722903,18.0
23040560030004,37.417879201389006,126.66910299448753,25.0
23040560030008,37.415579762728036,126.67512692329377,6.0
23040560030009,37.42007546067615,126.67396418402492,19.0
23040560030101,37.41688690639452,126.67702413517392,17.0
23040560030203,37.4221028861264,126.67033815130621,18.0
23040560030202,37.422295600068445,126.66896030795257,22.0
23040560030201,37.42358942990108,126.66956839846513,23.0
23040560030301,37.419707150708206,126.66884320488413,29.0
23040560030303,37.41985820607837,126.66970307689775,30.0
23040560030304,37.41908381622345,126.66783526040115,8.0
23040560030302,37.42053137600437,126.66991310834229,37.0
23040560030401,37.42170840337859,126.67146081856282,25.0
23040560030402,37.420930355983714,126.67140118035873,33.0
23040570010001,37.4147796372122,126.66879308417282,19.0
23040570010002,37.411037129058904,126.67179194169178,0.0
23040570010101,37.41711430632209,126.67040623859982,23.0
23040570010304,37.41071646665487,126.66924522226398,32.0
23040570010303,37.41017882459779,126.67075475203049,17.0
23040570010302,37.411538992278,126.67066799977955,25.0
23040570010301,37.412053605438096,126.66988615382762,33.0
23040570010403,37.41181427684974,126.67245281702627,26.0
23040570010402,37.412406938434515,126.6732998794327,43.0
23040570010401,37.412726628723725,126.67188326333978,28.0
23040570010501,37.41280878878733,126.66739115277794,25.0
23040570010502,37.411832910154196,126.66780082368635,14.0
23040570010702,37.414191100769315,126.67378473808591,23.0
23040570010701,37.41353388559073,126.67446201756228,32.0
23040570010801,37.41288166483031,126.669535437975,14.0
23040570010802,37.41356107433353,126.6692970804602,0.0
23040570020001,37.41072396467186,126.6536529201202,17.0
23040570020102,37.40879630803249,126.65869122674012,85.0
23040570020103,37.4078178173047,126.65915163938229,60.0
23040570020106,37.40835453832895,126.65678135631421,40.0
23040570020101,37.40727274217407,126.65734047121562,47.0
23040570020104,37.40844953724142,126.65790170152067,78.0
23040570020105,37.4063369464431,126.65827327606401,61.0
23040570020201,37.412484072380025,126.65810574200542,55.0
23040570020304,37.410062211022584,126.65588895939965,39.0
23040570020305,37.41166586551453,126.65672644434656,81.0
23040570020302,37.41066381511812,126.65672342424679,75.0
23040570020303,37.410956384546225,126.65758102117408,61.0
23040570020301,37.41085283451035,126.65547092783967,71.0
23040570030001,37.40261658106838,126.66202263479428,52.0
23040570030003,37.406574575403944,126.66768456436805,0.0
23040570030002,37.409274118219265,126.66928752505738,0.0
23040570030103,37.411134378207116,126.66400696649487,101.0
23040570030104,37.411280749283144,126.66526438208238,79.0
23040570030102,37.412067692818795,126.66356799845816,103.0
23040570030101,37.41128216819469,126.66282948232458,75.0
23040570030206,37.41019035782683,126.66553911121052,45.0
23040570030201,37.410142544278095,126.66436371961623,38.0
23040570030205,37.40946237852324,126.66369289384396,59.0
23040570030203,37.41059165477367,126.66374941550329,62.0
23040570030204,37.40928175541208,126.665727937746,40.0
23040570030202,37.40935137438016,126.66469376818004,56.0
23040570030301,37.40574776340563,126.66729815305864,84.0
23040570030501,37.400295976071135,126.66446053766843,52.0
23040570030502,37.40104164616112,126.66443409565305,69.0
23040570030603,37.407095255720215,126.66870833032627,12.0
23040570030604,37.409260280403565,126.66706702773135,26.0
23040570030602,37.40787847257439,126.66927434878923,19.0
23040570030606,37.41017191754325,126.66792850371125,15.0
23040570030601,37.408541974961274,126.66788247932833,28.0
23040570030605,37.40788444271842,126.6673627474716,22.0
23040570030701,37.40647958703763,126.66627191651295,14.0
23040570030702,37.40725251662833,126.66661047590415,24.0
23040570030801,37.41090210989503,126.6667431469841,32.0
23040580010002,37.40759782769799,126.67150102557763,0.0
23040580010004,37.40348932598538,126.67270571592003,0.0
23040580010003,37.40272844791661,126.66925473090606,0.0
23040580010105,37.40134158362943,126.668946183932,31.0
23040580010104,37.40020811233223,126.6679963568951,13.0
23040580010103,37.40063872797191,126.66736311129449,16.0
23040580010102,37.40108051488764,126.66660190891193,18.0
23040580010101,37.40217204206423,126.66768095949027,27.0
23040580010202,37.406264574549475,126.66909087476347,19.0
23040580010201,37.405281062159716,126.66892482610987,38.0
23040580010302,37.400580817379335,126.67023366361455,21.0
23040580010301,37.40157766085918,126.67038289527716,16.0
23040580010306,37.40200954227382,126.67216797625669,37.0
23040580010305,37.40054010225228,126.6714055357154,48.0
23040580010304,37.40240297114562,126.67062730861494,45.0
23040580010303,37.402710583086105,126.67127866351983,32.0
23040580010405,37.40375304371726,126.67799670916048,21.0
23040580010404,37.40456542318619,126.67641519343226,28.0
23040580010403,37.402948722612265,126.67701333442774,33.0
23040580010402,37.40241839381486,126.67621871547543,25.0
23040580010401,37.403690572194286,126.67521625077434,34.0
23040580010406,37.40184399282594,126.67558964036728,31.0
23040580010506,37.40647547680156,126.67369513570395,27.0
23040580010501,37.40526942324916,126.67513991175376,25.0
23040580010504,37.405581930693984,126.67237718043025,12.0
23040580010507,37.40441617780592,126.6714006220454,27.0
23040580010502,37.40464810747682,126.67287537960281,25.0
23040580010508,37.406082444076205,126.67107203757698,31.0
23040580010505,37.4056307449677,126.6741309384845,27.0
23040580010503,37.404954373837334,126.67076654930602,37.0
23040580010601,37.40187942549733,126.67346093308264,23.0
23040580010605,37.40082226540046,126.67500573580723,35.0
23040580010604,37.39986982709287,126.67396496083626,29.0
23040580010602,37.40093289661633,126.67330591065428,27.0
23040580010702,37.40423169811768,126.66867816516056,16.0
23040580010701,37.40342135704905,126.66859080123908,26.0
23040590010004,37.408860585435626,126.67828487161135,0.0
23040590010003,37.40821245469906,126.68099754589237,0.0
23040590010002,37.405244647102165,126.68246182346512,0.0
23040590010001,37.41104175060381,126.67358705927195,0.0
23040590010102,37.41063520233534,126.67745678145391,13.0
23040590010107,37.41241017026077,126.67545053766608,29.0
23040590010101,37.40981423896465,126.67562919853292,17.0
23040590010106,37.41047344353846,126.67464293254679,25.0
23040590010105,37.40951373685238,126.67665893828104,16.0
23040590010104,37.41131166851326,126.67602044795117,24.0
23040590010103,37.41110584414025,126.67674112359309,30.0
23040590010204,37.40892352612308,126.67497841874244,32.0
23040590010203,37.4081781156565,126.67419066199824,14.0
23040590010202,37.40953301672874,126.67396479235092,18.0
23040590010201,37.408904446703296,126.6725962852826,13.0
23040590010304,37.40763373385306,126.67490460780088,29.0
23040590010303,37.40644292305109,126.67626957090111,36.0
23040590010302,37.407132102202574,126.67565217346416,29.0
23040590010301,37.40776945364755,126.67662785959992,34.0
23040590010306,37.408412508351006,126.67573919193958,22.0
23040590010305,37.40687449323446,126.67471558078924,28.0
23040590010407,37.407209810987474,126.67773321526968,30.0
23040590010402,37.40684106543172,126.68028591783843,46.0
23040590010412,37.40631744127216,126.67934015187319,29.0
23040590010408,37.405922999638584,126.67776208500575,23.0
23040590010405,37.40569130430148,126.67921575257482,23.0
23040590010410,37.40515422167424,126.67835950842738,15.0
23040590010403,37.405203204505845,126.67987967239131,19.0
23040590010409,37.40631530599175,126.67743465991632,9.0
23040590010406,37.40438147829865,126.67892691500337,41.0
23040590010401,37.4061252515411,126.68072004547865,32.0
23040590010411,37.40515005607731,126.67737553340552,23.0
23040590010404,37.406884867960876,126.67901498558703,25.0
23040590010505,37.40825309310116,126.67972983157043,41.0
23040590010504,37.407268903788406,126.68187926494554,42.0
23040590010503,37.40835687466506,126.68170135686975,31.0
23040590010502,37.407523252121386,126.68101397479944,37.0
23040590010501,37.409248310002475,126.68016982042838,37.0
23040590010506,37.40780553800005,126.68035778166808,38.0
23040600010006,37.43156930924648,126.65346125666242,16.0
23040600010005,37.42823163058587,126.64607873708538,25.0
23040600010004,37.43050970594574,126.64813968253664,21.0
23040600010003,37.42768334792681,126.64773001915344,24.0
23040600010002,37.42827497958987,126.64966586134378,13.0
23040600010001,37.42623090620949,126.64953050378708,28.0
23040600010009,37.4276869232088,126.64898637075896,24.0
23040600010008,37.425637324240775,126.64494835595468,0.0
23040600010007,37.427834078020055,126.65244019304711,19.0
23040600010101,37.425055626036766,126.64491779685713,23.0
23040600010102,37.42513442807943,126.6457622886875,23.0
23040600010201,37.426320843211485,126.647434159922,27.0
23040600010202,37.42614103732659,126.6466089745858,47.0
23040600010204,37.4258098541859,126.64753457616926,35.0
23040600010205,37.42592884159786,126.64583028986758,41.0
23040600010206,37.425252238501386,126.64711238538239,34.0
23040600010301,37.427017535483465,126.64723970537574,28.0
23040600010302,37.42723475864316,126.6459713795431,35.0
23040600010303,37.42685999601598,126.64876552501754,28.0
23040600010401,37.4289018577228,126.64993434239966,52.0
23040600010601,37.42647447176011,126.6525482545846,20.0
23040600010803,37.4247185495125,126.6508403338932,36.0
23040600010804,37.42590038666015,126.65057606372393,38.0
23040600010805,37.425074241131696,126.64995047849094,36.0
23040600010801,37.42534112509974,126.65101812394616,27.0
23040600010802,37.425252232482066,126.65192378893065,27.0
23040600020001,37.42723295056191,126.63947107223488,28.0
23040600020103,37.428358362376294,126.6426759606839,19.0
23040600020102,37.42816137987,126.64359304319309,20.0
23040600020101,37.42771643148564,126.64400086561129,30.0
23040600020207,37.42470691953707,126.64330420056628,28.0
23040600020202,37.423995284270674,126.64285311036791,20.0
23040600020201,37.42463199513813,126.64140576139123,46.0
23040600020204,37.42419231613905,126.64186474274626,30.0
23040600020203,37.42517491718361,126.64325042756144,35.0
23040600020206,37.425494279785354,126.64298235914357,36.0
23040600020208,37.42341805629655,126.64221416423007,21.0
23040600020302,37.42628170584455,126.64404464564107,29.0
23040600020301,37.42682922667156,126.64408486569394,21.0
23040640010205,37.39456064710993,126.65608700204328,47.0
23040640010206,37.394258406783344,126.65492022116126,52.0
23040640010201,37.39518462597606,126.65358353323401,36.0
23040640010202,37.395255768362595,126.65575061386787,27.0
23040640010203,37.39622582663033,126.6543223034211,35.0
23040640010204,37.39570445782157,126.65505876995195,28.0
23040640010403,37.390987019123465,126.66192173435242,19.0
23040640010404,37.39124662901196,126.66047163950297,24.0
23040640010401,37.38996319807494,126.66262647123457,33.0
23040640010402,37.39030051097277,126.66126294952934,17.0
23040640010501,37.393640362781206,126.6565342204589,40.0
23040640010502,37.39365087663218,126.65745932777826,34.0
23040640010503,37.392751176783186,126.65796022210013,21.0
23040640020106,37.39055406462836,126.64774110539308,73.0
23040640020108,37.39112823810633,126.64595119059194,58.0
23040640020107,37.391709884378066,126.64877953413678,85.0
23040640020102,37.391169625682224,126.65025111335788,59.0
23040640020101,37.392463085351764,126.64753897901441,9.0
23040640020104,37.39146863174569,126.64673227850753,33.0
23040640020103,37.390583192669645,126.64968717241105,36.0
23040640030001,37.38929128701403,126.65455912458798,0.0
23040640030002,37.39329568493672,126.65442247789622,0.0
23040640030105,37.39280250530472,126.65211638743968,42.0
23040640030102,37.39227771317678,126.65131517302001,39.0
23040640030103,37.39442277132025,126.65302722873261,48.0
23040640030106,37.3935282092688,126.65265537844522,43.0
23040640030101,37.3930967740047,126.65072469350002,29.0
23040640030104,37.39403679107005,126.65181497744813,29.0
23040640030203,37.38748864411804,126.65967618384413,25.0
23040640030201,37.3882205211376,126.65802489203392,34.0
23040640030202,37.386913876945755,126.65863471262666,32.0
23040640030301,37.388953305452425,126.66124872690797,18.0
23040640030304,37.39010875124073,126.66009117533206,31.0
23040640030302,37.389501048270404,126.65930320338254,24.0
23040640030303,37.388429685068765,126.66012063782578,25.0
23040640030402,37.389866038421296,126.65501450750894,24.0
23040640030401,37.39067761934684,126.6538503549489,31.0
23040640030501,37.39213952630595,126.65387201984511,45.0
23040640030502,37.39251238382519,126.65312514801322,67.0
23040640030503,37.39143134876261,126.65264420448504,25.0
23040640030602,37.391268906904386,126.65622261156116,39.0
23040640030603,37.39211018069438,126.65683976653705,40.0
23040640030601,37.39219579971624,126.6551296135454,32.0
23040640040003,37.38617374767714,126.64166497128888,5.0
23040640040002,37.3827720378862,126.6475630151023,15.0
23040640040001,37.37789003323161,126.64164987272675,0.0
23040640040101,37.37823278987278,126.65196829347875,35.0
23040640040103,37.37904700863671,126.64917288046648,37.0
23040640040105,37.37872402947502,126.65033642834817,31.0
23040640040102,37.380105093995354,126.64986506249346,24.0
23040640040104,37.379712789888764,126.65118747530536,41.0
23040640040206,37.37658011068392,126.647923674707,23.0
23040640040203,37.37679448535648,126.65058830870476,29.0
23040640040205,37.37870521725616,126.64781964735892,28.0
23040640040202,37.37735022974731,126.64755261969775,28.0
23040640040204,37.377347638060066,126.64924782927672,32.0
23040640040201,37.37788431766955,126.64653453996075,39.0
23040640040302,37.38138335386398,126.64806909925198,56.0
23040640040301,37.381939780048455,126.64716034831534,44.0
23040640040303,37.38072160166852,126.64672235931373,71.0
23040640040403,37.38147856519797,126.64377839366493,33.0
23040640040402,37.38253465666582,126.6432694290844,20.0
23040640040401,37.38131779579546,126.64479099976403,54.0
23040640040502,37.381426204073406,126.63914255241627,71.0
23040640040501,37.38197045377481,126.6397031189515,36.0
23040640050002,37.374960854985304,126.63231061208494,0.0
23040650010001,37.38546556126184,126.66599687457087,0.0
23040650010101,37.38303705462564,126.66339347177599,34.0
23040650010102,37.384583641185614,126.66446334126161,27.0
23040650010103,37.38366569881363,126.66412369668961,31.0
23040650010104,37.383544579810035,126.66517541067454,40.0
23040650010202,37.38653997516723,126.66724924685842,49.0
23040650010203,37.387578342759646,126.66799452098803,44.0
23040650010201,37.38715136548971,126.66733873661882,51.0
23040650020002,37.376297005904505,126.6595238674924,0.0
23040650020001,37.37365427179498,126.65679651587308,0.0
23040650020104,37.375363195994794,126.65555231542388,114.0
23040650020102,37.375645936303606,126.65771316992259,69.0
23040650020107,37.37461227722645,126.65482191910543,78.0
23040650020106,37.375969786004895,126.65613999063913,87.0
23040650020101,37.3762393371905,126.6572388617886,81.0
23040650020105,37.374986157537336,126.65699893125753,60.0
23040650020103,37.37666696534019,126.6564448647918,79.0
23040650020206,37.37305232623664,126.6595468404246,78.0
23040650020201,37.374332167817464,126.65825219905656,97.0
23040650020205,37.37411390038543,126.66058250989866,80.0
23040650020203,37.37453881227561,126.65951216182967,74.0
23040650020204,37.37375717597185,126.6594232629159,69.0
23040650020202,37.37224034759946,126.6585344073777,66.0
23040650020207,37.3752261096225,126.65887872527911,80.0
23040650030001,37.37433235026573,126.65281575850842,38.0
23040650030105,37.373206688954916,126.6506646539202,93.0
23040650030106,37.37334709564549,126.6515005673265,74.0
23040650030103,37.37502190248368,126.65214423642182,70.0
23040650030113,37.37235834126967,126.65133167558965,55.0
23040650030109,37.37345179028843,126.64941880480023,50.0
23040650030104,37.375455926333274,126.6514090460911,101.0
23040650030101,37.37423032072227,126.65001031579799,68.0
23040650030111,37.372645985516144,126.64993292104734,89.0
23040650030102,37.37487698969614,126.65064336878733,56.0
23040650030108,37.37428287120989,126.6509074613368,84.0
23040650030107,37.373198855031255,126.65214968513017,49.0
23040650030110,37.374121811564834,126.65163523673954,91.0
23040650030201,37.37513823970196,126.65349123050493,43.0
23040650030211,37.376892136431934,126.65389869070152,62.0
23040650030210,37.376408055311344,126.65212051855163,38.0
23040650030202,37.37852203883721,126.655442784546,16.0
23040650030205,37.37717240450468,126.65305898905041,42.0
23040650030204,37.37651874923993,126.65483460316946,34.0
23040650030207,37.37599830111894,126.65279637387084,62.0
23040650030206,37.37716095015658,126.65572403677014,47.0
23040650030209,37.37573088259176,126.65405220172696,65.0
23040650030208,37.37760154222829,126.65396929223142,60.0
23040650030203,37.37758081809583,126.65495138692603,50.0
23040650040001,37.38422928149285,126.67242825878513,0.0
23040650040103,37.384981296025316,126.66223113871976,66.0
23040650040102,37.38538401957845,126.66158858067514,91.0
23040650040101,37.38458089504965,126.66287072351754,87.0
23040650040303,37.38779505994893,126.66405090754193,0.0
23040650040306,37.387110650286246,126.66489032321009,0.0
23040650040301,37.388461100566005,126.66502885362522,61.0
23040650040304,37.38838895400936,126.66657711473633,51.0
23040650040307,37.387383847290074,126.66561481027556,47.0
23040650040302,37.38878367014989,126.66589030675846,63.0
23040650040305,37.387913653655836,126.66612035037083,44.0
23040650040308,37.389206081072224,126.66515995617563,73.0
23040650040404,37.38551172204247,126.67373320650157,29.0
23040650040405,37.38496388129291,126.67706612993197,34.0
23040650040406,37.38431461257785,126.67648683992442,37.0
23040650040407,37.38471738697052,126.67436763956566,19.0
23040650040401,37.38440559734701,126.67536584037819,33.0
23040650040402,37.38392387657856,126.67416707133917,42.0
23040650040403,37.3850224744571,126.67366085586353,36.0
23040650040408,37.38333968052646,126.67550195654668,62.0
23040650040409,37.385174053053106,126.67575492364871,48.0
23040650050001,37.3724999797204,126.65571382181847,0.0
23040650050002,37.36808703651928,126.65146354413214,0.0
23040650050109,37.37389296520625,126.65413948045534,52.0
23040650050106,37.37290424828417,126.65297175885473,76.0
23040650050103,37.37215229112158,126.65423304555611,52.0
23040650050110,37.37079138035749,126.65352881172821,52.0
23040650050108,37.37074351199408,126.652182733572,55.0
23040650050105,37.3733174327473,126.65359866012956,54.0
23040650050102,37.37145014012456,126.65400896710305,46.0
23040650050107,37.36982986494152,126.65262059014621,40.0
23040650050104,37.37139346628447,126.65148121967827,59.0
23040650050101,37.372206445308905,126.65274399069872,61.0
23040650050202,37.37085689794006,126.6572816513666,88.0
23040650050207,37.3696508956712,126.65444065905771,87.0
23040650050204,37.36892125681966,126.65579480706378,66.0
23040650050201,37.371505155214386,126.65785585886111,91.0
23040650050211,37.36948037993923,126.6563154090885,74.0
23040650050209,37.371253755337214,126.65528302311432,60.0
23040650050206,37.36810670140538,126.65499741363078,95.0
23040650050203,37.36884450099564,126.65361268685699,62.0
23040650050210,37.37010594632284,126.65690758812616,64.0
23040650050208,37.37043453039888,126.65580952363126,80.0
23040650050205,37.370577502769635,126.6546342347161,71.0
23040650060003,37.37950368403041,126.66628325507837,6.0
23040650060002,37.36273920830946,126.66441035030735,17.0
23040650060004,37.37445882317008,126.66295305995096,14.0
23040650060001,37.381355792944184,126.65877356493057,16.0
23040660010001,37.39281450966632,126.63887373696592,0.0
23040660010103,37.39442480160478,126.6404512919043,77.0
23040660010101,37.39524324717136,126.64019847766802,68.0
23040660010102,37.39394205695376,126.64200451958078,46.0
23040660020001,37.40203301497742,126.63820198381322,0.0
23040660020005,37.39697147364217,126.64432457987671,0.0
23040660020003,37.393830022757776,126.64442705340463,45.0
23040660020004,37.39985468285059,126.64394747480529,0.0
23040660020002,37.4044722215434,126.63791347634873,43.0
23040660020103,37.39723800377043,126.65077366544806,10.0
23040660020102,37.39299509254387,126.64619598861337,35.0
23040660020101,37.39796562726593,126.65155831303608,31.0
23040660020201,37.394922288544045,126.6482712290787,35.0
23040660020203,37.39649491292429,126.64997100510939,15.0
23040660020202,37.395720817071364,126.64912626045684,29.0
23040660020301,37.394120591240096,126.64740800361547,25.0
23040660020403,37.39254527897472,126.64398493374,35.0
23040660020402,37.391885116051895,126.64500983420982,68.0
23040660020401,37.393125995267496,126.64308364429439,52.0
23040660020501,37.39725957884293,126.63686957956001,53.0
23040660020503,37.3962648699691,126.63793154193654,50.0
23040660020502,37.396071780832486,126.63882824275659,57.0
23040660020801,37.39568142347162,126.64643957663566,32.0
23040660020905,37.40079666572822,126.64143713482815,52.0
23040660020903,37.40173501433496,126.64244665884311,43.0
23040660020904,37.401316965664414,126.64058504921013,59.0
23040660020902,37.401559106067324,126.64150111082418,48.0
23040660020901,37.40228371194134,126.64162147799992,53.0
23040660021005,37.398662145185995,126.63918982752561,57.0
23040660021003,37.40000255604362,126.64058434210334,98.0
23040660021004,37.3992535056634,126.63977922829847,65.0
23040660021002,37.399220684011105,126.63838075724266,63.0
23040660021007,37.39820732554281,126.63728425046246,59.0
23040660021006,37.39764812149319,126.63809457839184,52.0
23040660021001,37.398401839677156,126.63815596628031,80.0
23040660021104,37.398694504328645,126.64059183599672,65.0
23040660021102,37.398144913691155,126.6414073944285,53.0
23040660021101,37.39944544027932,126.64139517675038,87.0
23040660021103,37.39889210947528,126.64221621587367,77.0
23040660021201,37.39756805057486,126.64267014601161,65.0
23040660021203,37.398169939196265,126.64257183417425,38.0
23040660021204,37.397356572645485,126.64349087146047,57.0
23040660021202,37.39819255153229,126.64365725685512,64.0
23040660021303,37.39835139072126,126.64663505727246,55.0
23040660021304,37.39762174462924,126.64579395227094,40.0
23040660021302,37.39867494242786,126.64658203997513,54.0
23040660021301,37.397854282727586,126.64664577495938,47.0
23040660021402,37.396088488837066,126.64472016672795,59.0
23040660021401,37.396715785162826,126.64558175940836,73.0
23040660021603,37.39467646984486,126.64296052621386,88.0
23040660021602,37.39538154534319,126.64262315261816,98.0
23040660021601,37.39566711372406,126.64366253725547,75.0
23040660021701,37.39677795829255,126.64199290870796,61.0
23040660021703,37.3959112640647,126.64121157036438,82.0
23040660021702,37.39618131191908,126.64127783909315,61.0
23040660021801,37.39724937149488,126.64050776819244,63.0
23040660021803,37.39670317318136,126.63957775132428,87.0
23040660021802,37.397767849940024,126.63960738683902,68.0
23040660021901,37.39917816862721,126.65286939193093,34.0
23040660022001,37.399835422698885,126.65203344549096,26.0
23040660022101,37.400492429781146,126.65120242394148,49.0
23040660022201,37.398799894405975,126.65032842240957,32.0
23040660022303,37.39972746081061,126.64736433355685,61.0
23040660022302,37.40008652568993,126.64863301191374,39.0
23040660022301,37.39911175645692,126.64813724111933,51.0
23040660022401,37.400938468418296,126.64703475784502,47.0
23040660022403,37.4003226750841,126.64598836592063,66.0
23040660022402,37.401216394218224,126.64601760998961,62.0
23040660022505,37.402464363248654,126.645369335333,64.0
23040660022503,37.401436318819435,126.64494482920497,53.0
23040660022504,37.40358399534457,126.6437433009094,25.0
23040660022502,37.402090368022,126.64352206571341,43.0
23040660022506,37.402638921698575,126.64411171725804,47.0
23040660022501,37.40311020756385,126.64251490602214,42.0
23040660022602,37.40439529102792,126.64392510008051,53.0
23040660022601,37.405601383414336,126.64517811339013,35.0
23040680010101,37.38777432928508,126.63197610917416,63.0
23040680010102,37.388716897438,126.63157149674399,79.0
23040680010103,37.38921526821906,126.63210345897613,77.0
23040680010104,37.38852752238717,126.63278395801994,85.0
23040680010202,37.3862162494265,126.6303298943526,112.0
23040680010201,37.38698090994994,126.63115040374855,137.0
23040680020104,37.382697281202134,126.63080254046388,48.0
23040680020102,37.38304583303583,126.63189349360256,66.0
23040680020101,37.38497663592334,126.63274568794363,83.0
23040680020103,37.38210300881793,126.63158639600336,48.0
23040680030101,37.38474244548318,126.63086325657773,75.0
23040680030104,37.38323225701631,126.62994347697546,32.0
23040680030102,37.38379084295233,126.62913099846492,46.0
23040680030103,37.38417077678222,126.63021878839784,77.0
23040680030204,37.38591016001396,126.6271756946353,72.0
23040680030202,37.38559882351871,126.62953606503822,108.0
23040680030203,37.3849050549013,126.62845677875623,114.0
23040680030201,37.386146622019815,126.62871107196949,96.0
23040680040001,37.38347405340708,126.6353270793994,0.0
23040680040103,37.3858219163033,126.6368031320939,76.0
23040680040102,37.384430541720626,126.6368969254336,66.0
23040680040104,37.38506368305623,126.63600971719646,63.0
23040680040101,37.38517848606677,126.63770994096424,82.0
23040680040202,37.38175103972257,126.63315323423143,48.0
23040680040201,37.38241560776075,126.63417608786395,73.0
23040680040203,37.38095869527805,126.63329509637983,14.0
23040680050001,37.38742904922397,126.63859516803176,0.0
23040680050101,37.38696839391975,126.63536370767687,70.0
23040680050104,37.38648686040805,126.63484429293732,53.0
23040680050102,37.38555326800301,126.635245720407,57.0
23040680050105,37.38630479293544,126.63604722509203,62.0
23040680050103,37.38597985595833,126.63428126609234,51.0
23040680050202,37.388904856434884,126.63892694942118,68.0
23040680050201,37.38954241566573,126.6381425821417,68.0
23040680060102,37.38668743570941,126.63361318513205,50.0
23040680060105,37.3871058429869,126.6326481087409,62.0
23040680060104,37.38810760554336,126.63372552448735,62.0
23040680060103,37.38762762675347,126.6332113253561,68.0
23040680070002,37.38259337464497,126.62453781546044,6.0
23040680070003,37.397670442077285,126.63069708819174,6.0
23040680070001,37.3967784055703,126.61854122454392,0.0
23040680070101,37.39288786565118,126.63159927391894,136.0
23040680070102,37.392185369593015,126.63212928688306,112.0
23040680070202,37.40037479333499,126.62919672021624,119.0
23040680070204,37.40096129700793,126.62884141385483,119.0
23040680070203,37.401872207056364,126.62806637697499,104.0
23040680070201,37.400591681819506,126.62818001907527,107.0
23040680070302,37.40437811601669,126.62597076848074,47.0
23040680070304,37.40283644378573,126.62784364634238,34.0
23040680070303,37.403486063185674,126.62743243893487,84.0
23040680070305,37.402854188123484,126.62701252657078,41.0
23040680070301,37.403799485355165,126.6263754512071,50.0
23040680070306,37.40439073093032,126.62684021464186,65.0
23040680070401,37.3933955694411,126.6168912914536,85.0
23040680070406,37.39483645144187,126.6183565618779,92.0
23040680070402,37.39403931949299,126.61760623203563,75.0
23040680070404,37.39251970208753,126.61759402440248,98.0
23040680070403,37.39407777527777,126.61900894682213,136.0
23040680070405,37.39261250613822,126.61620423761636,92.0
23040680070502,37.39805976561548,126.62074591003072,92.0
23040680070504,37.39670608394137,126.61965433984135,75.0
23040680070503,37.39670019901929,126.62072448524478,82.0
23040680070505,37.39556896644566,126.6195664133056,91.0
23040680070501,37.39751459024613,126.62003499261488,54.0
23040680070903,37.39924703912038,126.62157949901992,64.0
23040680070905,37.39930419480499,126.62049950968493,50.0
23040680070901,37.401834712887656,126.62035103242506,40.0
23040680070902,37.40043539795373,126.62054518071731,56.0
23040680070904,37.401068713427534,126.6211226634949,55.0
23040680071001,37.38391522025258,126.62667957097212,73.0
23040680071101,37.388175295767596,126.6124526992068,102.0
23040680071106,37.387218796219535,126.61277694269114,97.0
23040680071107,37.386470550416526,126.61155398304828,69.0
23040680071102,37.390094765204886,126.61073044624239,105.0
23040680071104,37.38914354595267,126.61231243773233,99.0
23040680071103,37.390109252149195,126.61223242211341,115.0
23040680071105,37.38815775680604,126.61079533807074,80.0
23040690010001,37.419276175367166,126.61923134904056,56.0
23040690010002,37.41036561476979,126.61901965980597,40.0
23040690010003,37.41055642265305,126.62655994646698,624.0
23040690010004,37.41593839893162,126.62293113207731,17.0
23040690010005,37.415153820690136,126.62302284926359,54.0
23040690010108,37.41416540017144,126.62688910139364,89.0
23040690010102,37.414196122772616,126.62457621210989,112.0
23040690010107,37.41253905165943,126.62804334126812,89.0
23040690010104,37.412167044800064,126.625507074572,83.0
23040690010110,37.41209389903051,126.62667589692845,63.0
23040690010101,37.413132938685585,126.62657143256428,65.0
23040690010106,37.414138192036525,126.62585823375146,81.0
23040690010109,37.41185017555133,126.6278237017406,71.0
23040690010103,37.41416329512027,126.62808563858894,96.0
23040690010111,37.41317573925127,126.62799550234273,89.0
23040690010105,37.413135925953554,126.62505031999653,90.0
23040690010206,37.41525596172131,126.62815349386192,120.0
23040690010209,37.41611011341134,126.62699802854901,110.0
23040690010203,37.41524597799849,126.62601203286593,125.0
23040690010210,37.41525001893028,126.62700994543091,155.0
23040690010205,37.41524245595664,126.62517486347507,136.0
23040690010208,37.41610596935754,126.62408982120868,27.0
23040690010202,37.4152487254066,126.62417616683736,45.0
23040690010207,37.41610656046817,126.62600162563885,132.0
23040690010204,37.41610348337374,126.6251645480339,48.0
23040690010201,37.41611503673479,126.62814582209093,108.0
23040690010302,37.4148846131437,126.61836207494753,108.0
23040690010307,37.41497622169209,126.61942439353143,91.0
23040690010304,37.41592720408039,126.61835286955541,127.0
23040690010301,37.41593645898427,126.6212932524156,106.0
23040690010306,37.415123802684754,126.62130664394188,114.0
23040690010303,37.41593089088275,126.62033054331357,94.0
23040690010305,37.41592955466622,126.61937656098749,90.0
23040690010308,37.41512748530674,126.62037853865262,109.0
23040690010403,37.41614082294484,126.61508579185175,97.0
23040690010405,37.41332642319582,126.61504764600714,76.0
23040690010408,37.41483161407497,126.61616279022263,66.0
23040690010402,37.41610681965413,126.61680216164504,69.0
23040690010407,37.41537436352856,126.61686431680488,55.0
23040690010410,37.415525756294,126.61503919569728,75.0
23040690010404,37.41437381541707,126.61733849656676,63.0
23040690010401,37.41407710327326,126.61642951064329,47.0
23040690010406,37.41485381334719,126.61500401588435,80.0
23040690010409,37.413980097921815,126.61536955798597,73.0
23040690010504,37.41306268596444,126.61671470472855,59.0
23040690010510,37.41163842549614,126.61770742390331,69.0
23040690010512,37.41187264320906,126.61886888840466,60.0
23040690010514,37.41151770342075,126.61604899775169,100.0
23040690010501,37.41358661296833,126.61785718441962,66.0
23040690010506,37.4103219178797,126.61695392755065,84.0
23040690010509,37.41041792868372,126.61849484299977,75.0
23040690010503,37.412986778465736,126.61827454150058,70.0
23040690010513,37.4125208532513,126.61855317430904,70.0
23040690010511,37.4123087903792,126.61554000271585,72.0
23040690010505,37.41234149798468,126.61721496309434,68.0
23040690010515,37.41091068123354,126.61647363843878,69.0
23040690010508,37.409458548784414,126.61764781400984,75.0
23040690010502,37.41096152965777,126.61818472711317,65.0
23040690010507,37.409776956814575,126.61873467227547,83.0
23040690010603,37.4106757182627,126.61055357638544,68.0
23040690010613,37.411524841118975,126.61246487028872,50.0
23040690010604,37.40767982335789,126.61078977162114,59.0
23040690010614,37.410820521518055,126.61216538564831,48.0
23040690010605,37.416088833036135,126.6120361733029,59.0
23040690010615,37.412276306781585,126.6120497869425,51.0
23040690010606,37.4160616329638,126.6105993099389,61.0
23040690010616,37.4154243508068,126.61103780518593,87.0
23040690010608,37.41232176744079,126.61058972850445,47.0
23040690010618,37.412538361237345,126.61359366630796,101.0
23040690010607,37.4097047646438,126.61131678877652,67.0
23040690010617,37.413842966896866,126.61202741174175,68.0
23040690010609,37.413280665971804,126.61059759688982,104.0
23040690010610,37.41304017751295,126.61206155985364,63.0
23040690010601,37.41181117249445,126.61068779936136,48.0
23040690010611,37.414619738769304,126.61059380447433,96.0
23040690010602,37.41465378072328,126.61206234131252,63.0
23040690010612,37.41560647723464,126.61203730936776,49.0
23050510010013,37.45103872474767,126.71355822923663,27.0
23050510010009,37.4507489566193,126.71823658658943,28.0
23050510010006,37.4519161814856,126.70951392192643,6.0
23050510010001,37.450337839790826,126.71523240901067,8.0
23050510010011,37.4514264785664,126.71148442320478,5.0
23050510010004,37.45044409122316,126.71272917514872,11.0
23050510010014,37.45185989081309,126.71463505485619,23.0
23050510010007,37.4501470725028,126.7115573444055,21.0
23050510010002,37.45040222790973,126.70888970813762,39.0
23050510010012,37.45126628514592,126.71632584135997,14.0
23050510010008,37.45075869115277,126.71758060384836,17.0
23050510010005,37.4516645936237,126.71227734539399,8.0
23050510010010,37.449943720090225,126.71495094484966,14.0
23050510010003,37.45229587242753,126.71262831442444,9.0
23050510020001,37.44858365508015,126.71725571185031,7.0
23050510020011,37.44760336971966,126.70913936948823,20.0
23050510020003,37.44453991046859,126.70770862452909,10.0
23050510020002,37.446268310870764,126.70877032446161,15.0
23050510020005,37.448942906874755,126.71394455768925,15.0
23050510020004,37.44700737179312,126.70825741894176,23.0
23050510020007,37.43920945003874,126.70944594111427,26.0
23050510020006,37.44558190127222,126.71305937758775,22.0
23050510020010,37.44562491528283,126.70913219032806,9.0
23050510020009,37.44864564237891,126.70904680705364,9.0
23050510020101,37.44629605424923,126.7115977394378,60.0
23050510020102,37.44674945924032,126.71087841023456,51.0
23050510020201,37.44807570490418,126.71429103455482,35.0
23050510020202,37.447115946852875,126.71353915736609,50.0
23050510020302,37.440053159521604,126.71412171401683,0.0
23050510020303,37.43967306259714,126.71310826079444,29.0
23050510020301,37.440723490876834,126.71305949336303,41.0
23050510020402,37.44082492693001,126.71664745660212,67.0
23050510020403,37.43991712405399,126.71517719149358,83.0
23050510020401,37.440028257595,126.71592117265716,51.0
23050510020404,37.44015872894904,126.71700211861226,85.0
23050510020504,37.44230440975545,126.71309769349625,23.0
23050510020502,37.44143256048107,126.71334907483485,30.0
23050510020503,37.44234289942362,126.71241712505511,24.0
23050510020604,37.44516890936504,126.71347185150802,36.0
23050510020605,37.443519604810994,126.71267901863189,35.0
23050510020602,37.44452177328124,126.7128464692136,26.0
23050510020603,37.444540896632645,126.71402074026997,42.0
23050510020601,37.44364896724168,126.71388878485351,44.0
23050510020701,37.44420936062667,126.71548209485519,43.0
23050510020704,37.44451576658544,126.7166734552014,32.0
23050510020702,37.44414002361343,126.71744944357789,68.0
23050510020703,37.44370257160915,126.71631084325855,62.0
23050510020801,37.44659667810144,126.715731184602,46.0
23050510020804,37.445423912793565,126.71625249054641,41.0
23050510020805,37.44607266028005,126.71749242457938,48.0
23050510020802,37.44619930163665,126.7159443097186,50.0
23050510020803,37.44536980224066,126.71742948902946,59.0
23050510020806,37.44553572862913,126.71512982562611,59.0
23050510021101,37.448494733171,126.70999647031415,39.0
23050510021104,37.44895353750079,126.70957025369312,22.0
23050510021102,37.44817940570297,126.70944494922254,17.0
23050510021103,37.44767760206181,126.70960979571383,47.0
23050510021201,37.44831982175968,126.7125997721338,8.0
23050510021302,37.44791301980526,126.71163296213817,27.0
23050510021303,37.448492134828925,126.71119510953665,25.0
23050510021301,37.44772564260961,126.71079155003187,21.0
23050510021401,37.44067639616736,126.71131770786175,5.0
23050521010002,37.45617378663632,126.72033884147504,0.0
23050521010001,37.45959904283374,126.72108240037946,7.0
23050521010102,37.459115744387304,126.72043834136703,20.0
23050521010101,37.45842012130771,126.72044578367813,24.0
23050521010104,37.45780897989487,126.72068897577441,13.0
23050521010103,37.45721464616564,126.72097529150042,28.0
23050521010301,37.456241192483624,126.72071118134491,0.0
23050521010401,37.45712209537311,126.72029603978486,23.0
23050521020006,37.45789549560448,126.71693901653259,22.0
23050521020009,37.45929080778854,126.71620268064743,37.0
23050521020008,37.45795609457693,126.7187884712518,22.0
23050521020001,37.457797922716026,126.71511417127803,29.0
23050521020003,37.45676740064625,126.71630866609208,7.0
23050521020002,37.45991560825819,126.71847375778277,20.0
23050521020005,37.4600662330468,126.71721440466351,53.0
23050521020004,37.46018021265527,126.71438886812976,18.0
23050521020007,37.45899643515695,126.71768956532317,44.0
23050521020101,37.45861258369198,126.71341069349346,63.0
23050521020104,37.457784230893694,126.71341584075411,54.0
23050521020105,37.45925862275601,126.71302334483399,28.0
23050521020102,37.459437677370026,126.71408065884526,45.0
23050521020103,37.45986548405524,126.71325647471606,74.0
23050521020203,37.456813471638135,126.7143794191356,15.0
23050521020201,37.45685321606154,126.71337610026274,45.0
23050521020202,37.45689697329251,126.71151922482201,38.0
23050521030002,37.45574512188396,126.70916509034573,0.0
23050521030105,37.4540937968208,126.70984737397973,55.0
23050521030115,37.45578882184362,126.71100722988862,58.0
23050521030118,37.4531725835231,126.71330425249342,50.0
23050521030130,37.45321620960662,126.71267932263171,39.0
23050521030110,37.45421099942523,126.71320190377216,40.0
23050521030127,37.456469995831455,126.7110709041855,34.0
23050521030107,37.455342971727966,126.71338798971746,37.0
23050521030117,37.45356216932001,126.71072826872354,46.0
23050521030122,37.45331582051877,126.71215092969558,35.0
23050521030102,37.45403616949142,126.7120186033271,34.0
23050521030112,37.45324365014741,126.7086875973014,30.0
23050521030129,37.45474244175831,126.71319632723,39.0
23050521030109,37.45310825711964,126.71050933472296,29.0
23050521030119,37.4550779927884,126.71040023485186,35.0
23050521030111,37.45368149745861,126.70906065875819,47.0
23050521030108,37.45423108837504,126.70888703904491,45.0
23050521030124,37.45396114521322,126.71417817530804,52.0
23050521030104,37.45321382992343,126.71391224214558,46.0
23050521030114,37.45316961139264,126.70967246962066,29.0
23050521030123,37.45488900068336,126.71410625069751,45.0
23050521030101,37.45608706470777,126.7104750525652,46.0
23050521030103,37.454385971650304,126.71030829704594,35.0
23050521030120,37.45483120401028,126.71174797783614,41.0
23050521030126,37.45572580883544,126.7129593911849,31.0
23050521030106,37.45557119020503,126.71142022991931,40.0
23050521030116,37.45612599769163,126.71253792601118,16.0
23050521030113,37.45422897763448,126.71111732801894,48.0
23050521030125,37.453041683035174,126.711382995961,42.0
23050521030128,37.45510888993372,126.71235257742435,37.0
23050521030212,37.454682741379926,126.71731719784152,38.0
23050521030207,37.453785674772824,126.71743271327168,43.0
23050521030217,37.45455988790572,126.7182643665441,29.0
23050521030206,37.45295907302267,126.71495843125962,64.0
23050521030216,37.45490278465263,126.71880568646404,32.0
23050521030201,37.453285854888506,126.71842299391916,40.0
23050521030211,37.453212904354984,126.71720377918723,52.0
23050521030209,37.45468509699038,126.71548851181672,49.0
23050521030219,37.45554049104315,126.71859897791157,47.0
23050521030210,37.45372446742006,126.715059235654,44.0
23050521030208,37.4539438903495,126.71834266478164,43.0
23050521030203,37.454016950487095,126.71613848067443,33.0
23050521030213,37.45263418318302,126.71691944833708,46.0
23050521030202,37.45332286410785,126.71602932532561,35.0
23050521030205,37.45474019357051,126.71666409880744,38.0
23050521030215,37.45261790190282,126.71836848186501,48.0
23050521030218,37.4548875531788,126.71491095875733,31.0
23050521030204,37.454557759744645,126.71597633712544,40.0
23050521030214,37.45271182178719,126.71584563692844,24.0
23050530010021,37.45148553474654,126.70499390697894,15.0
23050530010005,37.450799188541914,126.69560038667862,23.0
23050530010015,37.454417385311764,126.69558768673348,24.0
23050530010011,37.4516197383176,126.69789571328847,36.0
23050530010009,37.45345479046446,126.70654550258838,0.0
23050530010019,37.45273846819505,126.69482734794742,10.0
23050530010022,37.454252384844374,126.70378525979393,5.0
23050530010002,37.454310558627625,126.69832901768606,14.0
23050530010012,37.45264036252114,126.70435680497692,0.0
23050530010001,37.45223109289847,126.7021515960825,66.0
23050530010007,37.45295631772084,126.69871273519972,8.0
23050530010017,37.45412929056202,126.70191310841729,5.0
23050530010013,37.45483818824998,126.6952572616335,16.0
23050530010003,37.45108802032443,126.70706370219212,18.0
23050530010020,37.45090023301293,126.69373424253295,16.0
23050530010004,37.45172222523828,126.69596381419844,12.0
23050530010014,37.45131000810437,126.701267258442,14.0
23050530010010,37.45569704238388,126.70552834567388,0.0
23050530010008,37.45066686323364,126.69808731690803,17.0
23050530010018,37.45269094890985,126.69771324621014,6.0
23050530010016,37.453749372974684,126.69643488123641,19.0
23050530010101,37.45399555489278,126.69957438996974,20.0
23050530010402,37.45443487865955,126.70687457085742,84.0
23050530010401,37.45413751862799,126.70643919529863,54.0
23050530010604,37.45034224354135,126.70529125421197,41.0
23050530010602,37.454558811256724,126.70406468736361,29.0
23050530010601,37.45272025524022,126.7031139507683,17.0
23050530011101,37.451984902677566,126.70324804698598,0.0
23050530011201,37.45293755970572,126.70367444476088,26.0
23050530011301,37.45362041285211,126.7040152337952,69.0
23050530011601,37.45259639967533,126.70514793543605,0.0
23050530012102,37.4513191528009,126.7059457345975,59.0
23050530012101,37.45255047535049,126.70607358258208,12.0
23050530020013,37.44972329961413,126.69405688410457,20.0
23050530020009,37.44810781542013,126.69824286384194,0.0
23050530020004,37.448485897929,126.69390267840409,17.0
23050530020001,37.44658310542463,126.6946069324794,5.0
23050530020011,37.44669631444687,126.69946014166085,6.0
23050530020002,37.44601039291311,126.69592410985541,10.0
23050530020012,37.44542769574082,126.6979090898462,5.0
23050530020008,37.4499514910111,126.69718527890055,25.0
23050530020007,37.44875301746005,126.6978165582496,5.0
23050530020010,37.448580246147635,126.69550359706126,8.0
23050530020005,37.44632819239429,126.69772378633607,0.0
23050530020006,37.44701783373148,126.69674410561903,15.0
23050530020003,37.44896931404209,126.69646142113498,13.0
23050530030004,37.446738604248615,126.70423382735423,0.0
23050530030003,37.44066454000253,126.70507928407152,5.0
23050530030013,37.44510174566052,126.70575982524223,22.0
23050530030006,37.44575772238994,126.70520720418632,14.0
23050530030008,37.447838467781345,126.70251180363535,0.0
23050530030005,37.44900637793497,126.7051275214956,5.0
23050530030010,37.4489844548474,126.70339991124878,18.0
23050530030007,37.4482262025803,126.70636189396755,5.0
23050530030002,37.44895238002798,126.7058554508063,0.0
23050530030012,37.4466151656217,126.70545549414298,15.0
23050530030014,37.44783336003922,126.70463303559787,7.0
23050530030009,37.44892354325155,126.7044380585822,0.0
23050530030001,37.44542522520154,126.70181289698853,0.0
23050530030011,37.447927539362574,126.70678668787792,15.0
23050540010016,37.45329062872364,126.72363257290391,5.0
23050540010023,37.45407778543518,126.72108420159991,7.0
23050540010007,37.45174647762279,126.7226366800993,18.0
23050540010003,37.45391108179459,126.722782570639,0.0
23050540010013,37.44909018700832,126.72698759336278,8.0
23050540010017,37.45176915332158,126.72486473836547,14.0
23050540010001,37.45497129254297,126.72047245866882,7.0
23050540010020,37.45236778651667,126.72406912716612,14.0
23050540010004,37.45123933768909,126.72051283389405,10.0
23050540010014,37.45448085363331,126.72279263696653,7.0
23050540010010,37.45254676895038,126.72015139976223,6.0
23050540010008,37.449923615285456,126.72305044274543,12.0
23050540010018,37.452945665319156,126.72492471878053,24.0
23050540010021,37.4524855606067,126.72261416671306,12.0
23050540010005,37.45057336161159,126.72159455328578,19.0
23050540010015,37.45035920976971,126.72546100043184,0.0
23050540010011,37.45043435448473,126.71996012203124,5.0
23050540010009,37.449931775039985,126.72614616399315,16.0
23050540010019,37.4509000278479,126.72479766247122,16.0
23050540010022,37.453133932221256,126.72252705373226,5.0
23050540010006,37.44939155143382,126.72284602823756,0.0
23050540010002,37.45087846928578,126.72275202159604,15.0
23050540010012,37.449765527375774,126.7197087392154,9.0
23050540010201,37.44958158528161,126.72494028906262,7.0
23050540020001,37.445119736699155,126.72094922707862,11.0
23050540020002,37.44820564472562,126.72000447247389,16.0
23050540020003,37.44701459104441,126.72566961134197,19.0
23050550010015,37.460224057682396,126.70547507203705,6.0
23050550010010,37.46067099831951,126.70193964577497,5.0
23050550010003,37.45703599462005,126.70327708812927,0.0
23050550010013,37.459639604197065,126.69956096669029,34.0
23050550010006,37.457854897652666,126.7051815478184,13.0
23050550010016,37.46379245821702,126.70765789604177,17.0
23050550010001,37.46229547832088,126.70435915554229,5.0
23050550010011,37.45784325475066,126.69672118513186,0.0
23050550010009,37.46137814550612,126.70020006593032,11.0
23050550010008,37.45871928746689,126.70377444385156,0.0
23050550010004,37.46144252954257,126.70749728485076,20.0
23050550010014,37.463641349121446,126.7063543243783,12.0
23050550010007,37.45729865198479,126.70430222183069,10.0
23050550010017,37.46562586614075,126.7076463881255,7.0
23050550010002,37.45764409468097,126.70724297399686,0.0
23050550010012,37.45838796224593,126.702655846511,0.0
23050550010005,37.460735246836464,126.69767114682963,0.0
23050550010101,37.45879601727487,126.6983254305926,0.0
23050550010104,37.457523927889376,126.6981475326257,21.0
23050550010103,37.45768490660676,126.69728787743084,35.0
23050550010102,37.458202810318184,126.69794744023952,24.0
23050550010203,37.45796720065238,126.69992520399188,12.0
23050550010202,37.45755729983493,126.69962718927454,20.0
23050550010201,37.4583592971652,126.69961292887704,12.0
23050550010302,37.45982656370964,126.69758967415453,28.0
23050550010301,37.45892905979231,126.69691630076328,26.0
23050550010501,37.457134848885566,126.70661123790991,42.0
23050550010603,37.45769077656683,126.69547840813604,25.0
23050550010602,37.458196342315865,126.6955515018997,32.0
23050550010601,37.45880842030445,126.69560087558057,20.0
23050550011601,37.46513169772431,126.70640399454297,21.0
23050550020002,37.45579045443986,126.6984658408383,5.0
23050550020003,37.45597354317906,126.69676877626361,9.0
23050550020006,37.45653468234978,126.69584685958945,6.0
23050550020007,37.455803109697044,126.7010013215712,0.0
23050550020001,37.45643679324938,126.69510438978641,14.0
23050550020004,37.4556220043097,126.69758448896827,13.0
23050550020005,37.45685255936204,126.69665274179232,17.0
23050550020101,37.45667280833115,126.6988817411686,23.0
23050550020102,37.45605585407912,126.69921872027552,23.0
23050550020103,37.455208169627376,126.7000480194871,26.0
23050561010003,37.46220612114789,126.70979274858341,15.0
23050561010013,37.461046705533334,126.71832649146313,0.0
23050561010002,37.46317353181428,126.71245516922258,17.0
23050561010012,37.4618321658741,126.71312115685339,15.0
23050561010001,37.46260535889861,126.71170293704313,0.0
23050561010007,37.46184391141137,126.71102813916526,6.0
23050561010020,37.45718179998138,126.71042686663108,0.0
23050561010009,37.461165184006674,126.71156146679901,0.0
23050561010019,37.463382188932215,126.7145837895319,13.0
23050561010010,37.457544901072175,126.71222904747316,0.0
23050561010017,37.464198368948175,126.71135551971413,46.0
23050561010008,37.46396282873337,126.7098082773271,11.0
23050561010018,37.46153806881611,126.71659653054772,6.0
23050561010006,37.46165033546124,126.70952559574233,5.0
23050561010016,37.4609095006302,126.71289094305793,0.0
23050561010005,37.461592664476306,126.7144550182519,16.0
23050561010015,37.46496027217889,126.7098068455482,28.0
23050561010011,37.46586641203889,126.70914696628593,9.0
23050561010014,37.46383368881125,126.71284483611936,21.0
23050561010004,37.46233331771591,126.71540114673198,32.0
23050561010110,37.460022338987876,126.71094000640038,54.0
23050561010103,37.459080946444466,126.71198945439731,35.0
23050561010113,37.45810091102857,126.71037362616879,40.0
23050561010109,37.45861172722745,126.70916883621146,48.0
23050561010106,37.457874234594065,126.7092232906451,46.0
23050561010101,37.459026895190945,126.70990021583118,30.0
23050561010111,37.45841571749083,126.7115221800083,36.0
23050561010104,37.45942737135902,126.70969073891666,42.0
23050561010107,37.45782677537804,126.71168262195911,42.0
23050561010102,37.457369387536495,126.7096844731971,50.0
23050561010112,37.45896651022532,126.7109427787844,38.0
23050561010108,37.45992898367029,126.70944461624565,33.0
23050561010105,37.45987424447247,126.7119934537914,59.0
23050561010201,37.461227226486656,126.70984643634308,0.0
23050561020001,37.458292297840664,126.70691986141709,0.0
23050561020105,37.45984170704167,126.70600732912663,30.0
23050561020106,37.45900044576536,126.70605866444942,26.0
23050561020103,37.45941429003872,126.70740131411846,33.0
23050561020109,37.45884352676795,126.70690153087978,18.0
23050561020104,37.45994587053957,126.70685801426471,26.0
23050561020101,37.45853536540602,126.70762309167722,28.0
23050561020102,37.4599948825331,126.70794434131147,30.0
23050561020108,37.45783946448494,126.70809176357353,24.0
23050561020107,37.45876806841007,126.70832206587515,42.0
23050570010003,37.46151897383304,126.7208994517341,5.0
23050570010002,37.461941222036955,126.72146864530207,29.0
23050570010001,37.465511371139634,126.72175762804501,6.0
23050570010103,37.46342624004128,126.72117042735684,21.0
23050570010102,37.46304901843995,126.72074950563061,16.0
23050570010101,37.46289152973407,126.72150564497191,17.0
23050570020005,37.46669325518662,126.71572631896174,8.0
23050570020023,37.47761879243357,126.71155186947976,6.0
23050570020033,37.46845216013923,126.71653891337134,5.0
23050570020003,37.4749828796012,126.7128955764747,5.0
23050570020013,37.46716943689666,126.70957367202314,30.0
23050570020031,37.463121728747375,126.71917101095205,0.0
23050570020001,37.466674766122516,126.71834985565172,0.0
23050570020011,37.46867357481728,126.7097775114469,23.0
23050570020012,37.469723071953936,126.71061015090582,24.0
23050570020029,37.46762208426042,126.71302525189037,7.0
23050570020009,37.46672179009944,126.7131793742815,18.0
23050570020019,37.46779146321348,126.70844672013774,26.0
23050570020021,37.46565566806492,126.71678299443745,0.0
23050570020016,37.46866908986367,126.70880432330452,51.0
23050570020026,37.46203790289594,126.71969576700282,5.0
23050570020006,37.47205651469267,126.71600956803066,8.0
23050570020024,37.46819923292435,126.71125773774054,15.0
23050570020034,37.46497830530703,126.71329555590914,27.0
23050570020004,37.463871421874735,126.71559036363129,21.0
23050570020022,37.465496378668696,126.71317560044268,25.0
23050570020032,37.46613842393754,126.71261080308405,82.0
23050570020002,37.469987190152594,126.71333884612706,0.0
23050570020020,37.471683760121024,126.70928265192289,10.0
23050570020030,37.46583091988202,126.71469197737008,31.0
23050570020010,37.4665223133563,126.71484828794314,0.0
23050570020028,37.47033312801466,126.71128451755843,5.0
23050570020008,37.4656198832008,126.71533207986337,51.0
23050570020018,37.46507501339849,126.71786494419038,22.0
23050570020014,37.46681504040538,126.71126128154151,55.0
23050570020025,37.467666396023155,126.72134016943684,13.0
23050570020015,37.46525878956927,126.71618802016464,16.0
23050570020027,37.46705982061167,126.71075594950443,23.0
23050570020007,37.467722396451705,126.70905296104031,33.0
23050570020017,37.466033971569225,126.71069531231592,34.0
23050570020201,37.467516203458885,126.71455234373869,17.0
23050570020701,37.47422561558958,126.71031937222679,11.0
23050570020801,37.46526747858271,126.71974929046236,28.0
23050570020901,37.46330860565631,126.71979296514566,22.0
23050570021001,37.46450295280001,126.71732894718112,23.0
23050570021002,37.463867494106225,126.71771463591537,22.0
23050570021003,37.46341695490801,126.71687729690402,6.0
23050570021102,37.464323468137906,126.7190085957725,41.0
23050570021103,37.46251800697446,126.71799779161235,42.0
23050570021101,37.463117060823436,126.71860430032673,30.0
23050570021104,37.46444553260655,126.71991211502923,33.0
23050570021401,37.464874653917825,126.71494081660123,16.0
23050570022201,37.465971882120144,126.71343340349593,51.0
23050570022701,37.466565257987696,126.7117514118405,12.0
23050580010002,37.466468834263466,126.68820248774915,0.0
23050580010001,37.4701037512814,126.68761730297238,43.0
23050580010102,37.46745431206704,126.68923863462544,32.0
23050580010101,37.468214885691765,126.68940074784194,37.0
23050580010104,37.466896659438504,126.68926809253485,23.0
23050580010103,37.46741816076071,126.68995581453544,37.0
23050580010201,37.466733171529974,126.68856039359605,23.0
23050580010302,37.468427739026296,126.68748069034122,28.0
23050580010301,37.46847531317051,126.6883198433539,50.0
23050580010304,37.46754976657588,126.6879099360715,32.0
23050580010303,37.46780656142621,126.68846851035941,34.0
23050580020005,37.468655677467936,126.70664206097122,28.0
23050580020002,37.46809531227833,126.70394105273911,8.0
23050580020003,37.46901154299096,126.70523995577753,15.0
23050580020001,37.46789036429078,126.70540687941289,33.0
23050580020004,37.468715327405185,126.70763061497424,23.0
23050580020401,37.468818507318865,126.70592347592161,14.0
23050580020901,37.46772861733137,126.70751573259307,0.0
23050580020902,37.468028136145044,126.70714535408605,0.0
23050580020903,37.46763552727211,126.70733715872068,39.0
23050580030023,37.46679939757338,126.70681602220718,0.0
23050580030007,37.46798124223187,126.6982528932662,5.0
23050580030017,37.46597934796064,126.6934738963904,17.0
23050580030013,37.46437476678222,126.69754200734077,16.0
23050580030003,37.467095057361455,126.69074225744599,16.0
23050580030024,37.46881874518109,126.69193873978163,73.0
23050580030020,37.46524574737343,126.70512155037369,31.0
23050580030004,37.46370179590507,126.69812081477855,15.0
23050580030014,37.468654071666364,126.69096462517105,25.0
23050580030010,37.46818867777104,126.69484435493584,6.0
23050580030008,37.4659018741907,126.69814887206101,8.0
23050580030018,37.46428803514149,126.69522760342403,0.0
23050580030001,37.466780214825185,126.69754846176644,5.0
23050580030025,37.46760416534927,126.7009247405687,6.0
23050580030021,37.46410848787623,126.69988744070447,15.0
23050580030005,37.466374845100994,126.70052999749642,13.0
23050580030015,37.46547177356105,126.70201608565588,6.0
23050580030011,37.46574241065132,126.70360830445705,51.0
23050580030009,37.46681984582009,126.703525617293,6.0
23050580030019,37.46372934223243,126.69607800809423,14.0
23050580030002,37.465037032583844,126.69583934085024,25.0
23050580030022,37.46703445511704,126.70516464075968,14.0
23050580030006,37.46605825853922,126.7050081879451,27.0
23050580030016,37.46674050138117,126.69966790397996,32.0
23050580030012,37.469688128693434,126.6912797673418,25.0
23050580030101,37.46747917344714,126.69111438942024,11.0
23050580030301,37.466459001414144,126.69211438363351,8.0
23050580030401,37.46772964382481,126.69358824271967,26.0
23050580030402,37.468123933052816,126.69304455315591,24.0
23050580030504,37.467471619634175,126.69440306494513,43.0
23050580030502,37.4672210231865,126.69511554652978,36.0
23050580030501,37.46667170512433,126.69342096496293,21.0
23050580030505,37.46594887209458,126.69447055073914,29.0
23050580030503,37.46646679452169,126.69472245842903,27.0
23050580031302,37.46634707946247,126.70692108684135,0.0
23050580031301,37.46576087335124,126.70627930582722,32.0
23050580040001,37.46261044157248,126.69927880099074,0.0
23050580040101,37.462977005651965,126.69759045790362,27.0
23050580040104,37.46185171043141,126.6970795916389,25.0
23050580040102,37.46278656926421,126.69636732311717,19.0
23050580040103,37.462103018125134,126.69790943779532,21.0
23050590010009,37.45204297131539,126.73505216832476,10.0
23050590010013,37.449231400799235,126.73075555898441,14.0
23050590010003,37.45018190919301,126.72825802435642,19.0
23050590010008,37.450110613997346,126.72926152859046,7.0
23050590010006,37.4529776375304,126.73382457504766,12.0
23050590010016,37.448935454574375,126.74291830824129,0.0
23050590010001,37.45283069227973,126.73233947764,18.0
23050590010011,37.45103662589993,126.72695400187278,8.0
23050590010004,37.454306162120666,126.7323100906338,0.0
23050590010014,37.452603226526314,126.73081347830771,11.0
23050590010007,37.45064689282014,126.73224856064145,11.0
23050590010017,37.45164346465083,126.73288233920486,17.0
23050590010002,37.45125851088241,126.72839354844288,10.0
23050590010012,37.4500054018396,126.73622892142595,10.0
23050590010005,37.45246253206223,126.7348271745131,17.0
23050590010015,37.45382152569754,126.73088059502682,15.0
23050590010010,37.453943317070085,126.73230067032978,11.0
23050590010103,37.44883578194561,126.7326745565294,21.0
23050590010102,37.44953098647516,126.73233740988451,7.0
23050590010101,37.44931116610285,126.73356599893681,6.0
23050590010203,37.451081171261684,126.73858583070371,0.0
23050590010202,37.45034848940277,126.73995179434891,8.0
23050590010207,37.44978937841879,126.7380655754633,0.0
23050590010201,37.45080223324329,126.74021599513154,0.0
23050590010206,37.449446760849305,126.74081839987664,15.0
23050590010205,37.44959023601714,126.7395871330627,11.0
23050590010204,37.44864562187984,126.73910110382792,0.0
23050590010303,37.45101703099106,126.7341631001301,14.0
23050590010302,37.44994220490835,126.7338783093932,20.0
23050590010301,37.4504992084564,126.73391696684403,17.0
23050590010501,37.45164414012639,126.73071785555503,26.0
23050590010504,37.4504767522247,126.73026573241934,21.0
23050590010503,37.450714506181285,126.7311522753249,48.0
23050590010502,37.45114565693419,126.73031257723362,39.0
23050600010009,37.466376498208554,126.73982401694171,40.0
23050600010008,37.46276456677186,126.73774312715068,8.0
23050600010007,37.46365947720345,126.73860762895598,26.0
23050600010006,37.46317152208072,126.73517919071708,22.0
23050600010005,37.46239096935855,126.73597034102279,15.0
23050600010004,37.465206218540686,126.73734273914992,27.0
23050600010003,37.46420837495254,126.73420391693848,10.0
23050600010002,37.46560919641479,126.7411294202493,25.0
23050600010001,37.46605423239719,126.73870525153238,8.0
23050600010010,37.466657137959444,126.73527357930358,0.0
23050600010101,37.46268429563463,126.73691690720123,5.0
23050600010201,37.46476368280306,126.73696501229057,8.0
23050600010202,37.463992473249476,126.73683307020345,7.0
23050600010407,37.46199247765869,126.73193791070194,38.0
23050600010417,37.46269745379947,126.73105928849607,36.0
23050600010404,37.464122452327025,126.73120320544368,37.0
23050600010414,37.462108540551334,126.73355546550056,18.0
23050600010401,37.46309607891474,126.72877512252136,39.0
23050600010411,37.463431467738815,126.73143688849895,29.0
23050600010409,37.46320938343245,126.7303271738413,17.0
23050600010406,37.463916318598955,126.72943584866225,41.0
23050600010416,37.464385050424916,126.72970992299155,37.0
23050600010403,37.464543248419304,126.72837113731386,39.0
23050600010413,37.462240750767165,126.73025026329837,33.0
23050600010410,37.46311182162996,126.73270435585373,21.0
23050600010408,37.462475192309626,126.73424436491287,28.0
23050600010405,37.462662631908714,126.73221703653047,32.0
23050600010415,37.463989365211496,126.7327796827042,38.0
23050600010402,37.46272821566228,126.72928043295245,38.0
23050600010412,37.463383881155686,126.7335009400387,18.0
23050600010501,37.46575117079593,126.7402405058635,0.0
23050600010502,37.461950345455286,126.73761713822866,8.0
23050600010602,37.467076687425134,126.7362417556685,17.0
23050600010603,37.466499173993846,126.73675803326248,20.0
23050600010604,37.46610560330183,126.73728508133014,14.0
23050600010601,37.467000169125704,126.73761994718613,22.0
23050600010901,37.46485306154429,126.73563702430297,12.0
23050600010902,37.46546154166709,126.73547461383333,5.0
23050600011001,37.46514105672799,126.73428851971455,17.0
23050600011002,37.465227777808316,126.73369627332998,0.0
23050600020001,37.460828893933865,126.73267289189367,20.0
23050600020003,37.45841550311482,126.72984171449698,7.0
23050600020004,37.45920189672606,126.73069463547012,23.0
23050600020002,37.4590973658016,126.72878447805867,23.0
23050600020102,37.460424170243925,126.73038185600257,41.0
23050600020101,37.46096786723515,126.7300105380172,52.0
23050600020301,37.45972711471334,126.73069181693756,33.0
23050610010010,37.4638475010966,126.72741821396774,31.0
23050610010016,37.461359993378814,126.7273151549152,19.0
23050610010008,37.46107109135165,126.72666091172194,14.0
23050610010018,37.46081228260679,126.72408611543185,6.0
23050610010007,37.46035853127307,126.72581336515312,25.0
23050610010017,37.46328424828402,126.72783108701812,25.0
23050610010009,37.46292440941313,126.72536372031173,41.0
23050610010006,37.46009610512832,126.72758476431513,41.0
23050610010001,37.461160413468555,126.72602002218385,8.0
23050610010011,37.462221138582066,126.72569044701028,17.0
23050610010002,37.462486515891904,126.72753547435882,21.0
23050610010012,37.46146833003292,126.72781698007785,42.0
23050610010003,37.46231156330122,126.72297772832445,7.0
23050610010013,37.46342059317886,126.72611150735966,22.0
23050610010004,37.46131162316867,126.72890882938415,16.0
23050610010014,37.46150932939396,126.72415625192347,28.0
23050610010005,37.46839012275039,126.73086495991122,18.0
23050610010015,37.46436201753062,126.72696067795538,24.0
23050610010109,37.46424615163934,126.72190555545335,33.0
23050610010108,37.46439074711423,126.72323654083584,16.0
23050610010107,37.4633112690233,126.72257318898548,20.0
23050610010106,37.46502620166789,126.72254646705031,36.0
23050610010105,37.46370220895715,126.72227606585967,35.0
23050610010104,37.46356116337024,126.72323122872484,38.0
23050610010103,37.46445697408701,126.72465843264068,24.0
23050610010102,37.46477392300912,126.72153053672832,14.0
23050610010112,37.46455896419788,126.72238566890607,11.0
23050610010111,37.46399473317422,126.72376964827926,28.0
23050610010110,37.46482443846163,126.7233708498907,44.0
23050610010101,37.464704826245885,126.72412181851546,21.0
23050610010201,37.462544500300226,126.72404432571675,27.0
23050610010302,37.46295329435955,126.72422000278479,34.0
23050610010401,37.46112502582288,126.7228692419801,13.0
23050610010402,37.46121856486428,126.72221654242448,10.0
23050620010009,37.46108592751588,126.73919676020206,0.0
23050620010007,37.453658010762666,126.73684817232646,0.0
23050620010006,37.453389207458635,126.73817130581676,19.0
23050620010005,37.45466985549658,126.73818915770164,5.0
23050620010004,37.46267076008864,126.74119932276665,0.0
23050620010003,37.45760601259333,126.73054128330372,0.0
23050620010002,37.45600258818083,126.74079208574786,17.0
23050620010010,37.45946130610276,126.73337761946333,0.0
23050620010101,37.458457799206364,126.73221704336426,6.0
23050620010201,37.46076089563424,126.73495374609278,9.0
23050620010202,37.46033179942729,126.73593126744319,8.0
23050620010203,37.46093390259885,126.73700123401565,10.0
23050620010304,37.46115678152068,126.74124527038431,20.0
23050620010301,37.462213982834335,126.7394722463021,21.0
23050620010302,37.46167715572686,126.74025523984453,17.0
23050620010303,37.46179953703,126.74104706671994,22.0
23050620010601,37.45492925765672,126.73485436999691,27.0
23050620010602,37.45599167256677,126.73578158011196,25.0
23050620010704,37.45791439071342,126.73401663781738,49.0
23050620010706,37.45908369572485,126.73476557325742,33.0
23050620010703,37.45754433467111,126.73279030627725,34.0
23050620010705,37.45652249432984,126.73353909421546,31.0
23050620010708,37.456831499570754,126.73424839342556,40.0
23050620010702,37.45724792778708,126.73527219600577,35.0
23050620010707,37.45843544337783,126.73413380425728,48.0
23050620010807,37.46032161820695,126.74077497164438,26.0
23050620010806,37.45587172649835,126.73700604745632,56.0
23050620010805,37.458184646731986,126.7383676920258,28.0
23050620010804,37.45967948640243,126.73980580781438,19.0
23050620010803,37.45766122208451,126.73735309481859,11.0
23050620010802,37.45685685949686,126.73670908117454,31.0
23050620010801,37.45903490013471,126.73844670625213,30.0
23050620010809,37.4587543410983,126.7394044882502,32.0
23050620010808,37.45740985620567,126.73820869347693,16.0
23050620010901,37.46016205501785,126.73815553970965,15.0
23050620010902,37.45955229254312,126.7368919175572,6.0
23050630010003,37.45456233574348,126.72659311790183,0.0
23050630010002,37.454108081769846,126.725815348741,13.0
23050630010001,37.45295479955988,126.72717662235598,13.0
23050630010011,37.45510121972631,126.72486048656592,21.0
23050630010010,37.454407181815625,126.72861629623709,12.0
23050630010009,37.45215680485919,126.72904883097394,9.0
23050630010008,37.45424488810768,126.72743572231427,25.0
23050630010007,37.45434038985249,126.72944508057006,5.0
23050630010006,37.452566030164895,126.72633819600647,0.0
23050630010005,37.45346228881922,126.7286382947807,14.0
23050630010004,37.45264427640983,126.7285617297916,0.0
23050630020006,37.45848133725165,126.72488547636311,8.0
23050630020016,37.45565705166596,126.72760776456403,12.0
23050630020008,37.45756133380804,126.7279265841394,6.0
23050630020005,37.45659377320579,126.72946285553475,22.0
23050630020015,37.45788654507375,126.72618888244108,0.0
23050630020010,37.4569614192086,126.72742068311537,13.0
23050630020007,37.456043566413406,126.72351035900009,8.0
23050630020002,37.45954236912862,126.72506884269401,44.0
23050630020009,37.45847028791501,126.72421503373775,30.0
23050630020012,37.45721131355997,126.72537067441506,18.0
23050630020001,37.459455680432875,126.7227876499443,9.0
23050630020011,37.458562159817696,126.7271286678208,0.0
23050630020014,37.45742335638382,126.72442421552303,8.0
23050630020004,37.45613353883295,126.72782455435079,14.0
23050630020003,37.45563619834368,126.73110053038025,12.0
23050630020013,37.456374829343794,126.725244030373,17.0
23050630020601,37.45741111503778,126.72219042501463,6.0
23050630020603,37.45813377193861,126.72270797220892,14.0
23050630020604,37.4573444655632,126.72313108390819,21.0
23050630020602,37.45656957196244,126.72258864867776,5.0
23050640010009,37.44721208369675,126.73256376648456,5.0
23050640010008,37.43974239659919,126.73725087784014,0.0
23050640010007,37.443791279852995,126.73793421426697,0.0
23050640010006,37.44750470350526,126.7367975769514,10.0
23050640010005,37.444424527254796,126.7409090030807,16.0
23050640010004,37.44505352779465,126.73648317955312,12.0
23050640010003,37.44671123665432,126.73972352789552,14.0
23050640010002,37.44453415646224,126.7394652496356,18.0
23050640010001,37.446034893848655,126.73422996513851,11.0
23050640010101,37.438746652261806,126.73816319650484,24.0
23050640010102,37.43940255809013,126.73811820931459,20.0
23050640010103,37.439039883691365,126.73717051568248,11.0
23050640010104,37.43798303691648,126.73695583103176,27.0
23050640010202,37.440297501080195,126.73961591142884,17.0
23050640010201,37.44121802668576,126.74004200332894,11.0
23050640010301,37.443002396168595,126.73444312286038,27.0
23050640010302,37.44196160438029,126.73438519659322,0.0
23050640010303,37.442434098285645,126.73567210139602,7.0
23050640010304,37.442293090218335,126.73487781623992,5.0
23050640010401,37.44225029637706,126.73944933101525,39.0
23050640010501,37.44282034217764,126.74073898216416,12.0
23050640010502,37.44283150940686,126.74196119973273,12.0
23050640010503,37.441876788568464,126.74101787802653,10.0
23050640010703,37.4408135866408,126.73809493085336,20.0
23050640010704,37.4412897725953,126.73809345798915,14.0
23050640010701,37.44128343569176,126.7367077993448,16.0
23050640010702,37.44081477797559,126.73671267709499,25.0
23050640010803,37.44173260794675,126.73803965719405,13.0
23050640010804,37.44215155622891,126.7366579083044,20.0
23050640010805,37.44173030221127,126.7366529528736,7.0
23050640010806,37.442662069653736,126.7366538200031,10.0
23050640010801,37.442175742599446,126.73808139630579,5.0
23050640010802,37.44268577818657,126.73800478140076,18.0
23050640010901,37.43997291456933,126.73527354835673,0.0
23050640010902,37.440576126580815,126.73562488087363,6.0
23050640010903,37.441068929250974,126.73482701140955,16.0
23050640011002,37.4469511744721,126.73687175336835,0.0
23050640011001,37.4460738963796,126.73686474210233,27.0
23050640011101,37.44417197580286,126.73395224244476,26.0
23050640011102,37.443736266687054,126.73490904182155,32.0
23050640011103,37.44437071937022,126.7353242827389,26.0
23050640011201,37.44541832226744,126.7333987241028,16.0
23050640011202,37.445058108288094,126.73500612928625,24.0
23050640011203,37.44481161510097,126.73400268455681,27.0
23050640011301,37.443972368514565,126.74224219470545,5.0
23050640011302,37.444567839158914,126.7417933368932,11.0
23050670010001,37.438318717283124,126.72509607587918,22.0
23050670020001,37.424871500009345,126.73307024516339,0.0
23050670020003,37.42187129942936,126.72945758860787,24.0
23050670020002,37.42753428007173,126.72683844791646,9.0
23050670020101,37.42246470304894,126.73048388693363,24.0
23050670020102,37.42159346133947,126.73112189778635,28.0
23050670030013,37.422211733360385,126.71459328159408,17.0
23050670030009,37.43003561297511,126.71657138466067,32.0
23050670030004,37.415790434643576,126.70515420567047,0.0
23050670030001,37.43208997611619,126.7116359320808,16.0
23050670030011,37.432035099974016,126.71315461507592,6.0
23050670030002,37.42706021793993,126.71461861758071,18.0
23050670030012,37.43001838795323,126.71411244050306,25.0
23050670030008,37.42917997476663,126.71487455371316,21.0
23050670030007,37.431102920510774,126.71523960604114,14.0
23050670030010,37.43127058848586,126.71345377870517,7.0
23050670030005,37.43138440627648,126.71662550067131,28.0
23050670030014,37.43225750553036,126.715890490884,7.0
23050670030006,37.43269124926218,126.71448740521016,13.0
23050670030003,37.42385068504217,126.70754971350924,9.0
23050670030101,37.431731324477276,126.71824173424962,17.0
23050670030102,37.432243969881256,126.71769124342607,19.0
23050670030201,37.43053916022045,126.71806514331692,33.0
23050670030202,37.4307529460458,126.71747763378379,25.0
23050670030401,37.42913114161881,126.71639264440716,19.0
23050670030404,37.42872778892632,126.71695797309735,8.0
23050670030402,37.428725980995736,126.71568283996139,15.0
23050670030403,37.429402811757576,126.71784748463055,30.0
23050670040001,37.41882913462981,126.72850599653276,28.0
23050670040003,37.415354412699294,126.72029188380056,6.0
23050670040005,37.41755872894666,126.72710072358518,25.0
23050670040002,37.420496842045154,126.72982895874921,14.0
23050670040004,37.42010605703165,126.72458096907208,15.0
23050670040102,37.42030340120393,126.72813405081469,29.0
23050670040101,37.421000255653624,126.72828443631344,24.0
23050670050001,37.41572539642198,126.73183260384566,8.0
23050670050101,37.41711141530375,126.72853532418637,23.0
23050670050102,37.4187168604461,126.7302393474005,25.0
23050670050103,37.418043010919774,126.72925135726348,32.0
23050670050201,37.4206738579059,126.7320978892635,18.0
23050670050202,37.41964461227503,126.73092337261882,6.0
23050670050203,37.4199699703879,126.73240555330229,38.0
23050720010002,37.40613085977737,126.73989087996158,0.0
23050720010001,37.40258502421985,126.7317574910574,10.0
23050720010003,37.40316780331174,126.7337816655318,29.0
23050720010004,37.40460359641893,126.73583300341883,26.0
23050720010101,37.40422632998569,126.73758384643735,41.0
23050720010201,37.4069915544399,126.73882971359521,29.0
23050720010204,37.4052891017324,126.73892912937285,24.0
23050720010203,37.40464161921918,126.73922572353978,43.0
23050720010206,37.40464811546158,126.7383122080027,43.0
23050720010208,37.40659055972386,126.73812135984547,30.0
23050720010205,37.405234383603016,126.73782497841417,44.0
23050720010207,37.40617001387346,126.73762920909466,27.0
23050720010202,37.405811059586476,126.7390547346274,35.0
23050720020001,37.40157573846523,126.73992960233505,5.0
23050720020002,37.39916861475557,126.73847750638573,0.0
23050720020003,37.40160699982353,126.73573896096254,0.0
23050720020102,37.40131805614088,126.73811995404256,51.0
23050720020101,37.402079642415515,126.73777115255842,48.0
23050720020203,37.40352369617484,126.73931793940471,72.0
23050720020201,37.40313812382452,126.7382599086125,82.0
23050720020202,37.40236625829975,126.7391978010637,78.0
23050720020301,37.402863404918605,126.73754111905903,42.0
23050720020401,37.40191638951703,126.73712615320136,43.0
23050720020402,37.40116756960419,126.73737294234814,38.0
23050720030002,37.4104997807067,126.73661746579019,23.0
23050720030003,37.407087331489514,126.72418769627951,5.0
23050720030004,37.40395623969914,126.72436155865415,9.0
23050720030005,37.40692066954612,126.72379543299944,7.0
23050720030006,37.40862114633144,126.72366877309555,5.0
23050720030007,37.40513267499628,126.73104071974349,0.0
23050720030008,37.40716557909042,126.73588817908222,0.0
23050720030001,37.403420520887046,126.72586900754996,0.0
23050720030105,37.40736192411731,126.73255317631703,25.0
23050720030104,37.406784901829226,126.73158625505455,31.0
23050720030103,37.40605515213474,126.73033781762278,30.0
23050720030102,37.407920364260164,126.73140661287471,15.0
23050720030101,37.406986085191384,126.72981491301205,16.0
23050720030205,37.40261072659516,126.728747978019,38.0
23050720030204,37.4038584751941,126.7283860556286,36.0
23050720030203,37.40245454825795,126.72760058231967,41.0
23050720030202,37.403621425502294,126.73023235545972,42.0
23050720030201,37.40453217343152,126.72956215540198,61.0
23050720030301,37.40545854577684,126.73427737607949,51.0
23050720030305,37.404526024391224,126.73197256967262,52.0
23050720030304,37.4049710898361,126.7330002117145,55.0
23050720030303,37.40620604520757,126.73348146752625,43.0
23050720030302,37.405988107106175,126.73218291147676,51.0
23050720030401,37.40589395937262,126.72678764984765,33.0
23050720030404,37.40632054563154,126.72827192946147,36.0
23050720030403,37.40501269999634,126.72681575577877,32.0
23050720030402,37.40524561901207,126.72774014178172,28.0
23050720030503,37.40683118298827,126.73445179572427,48.0
23050720030502,37.407651160568825,126.73539956215775,37.0
23050720030501,37.40648819066791,126.73579130671364,42.0
23050720030602,37.40764897552633,126.73670934238615,28.0
23050720030601,37.40911725084186,126.73751745749031,12.0
23050720030606,37.4080237328587,126.7378695793815,20.0
23050720030605,37.40962382468069,126.73545259460015,35.0
23050720030604,37.40877996454592,126.73657066123249,13.0
23050720030603,37.41007619664538,126.73623614932875,14.0
23050720030703,37.40823673718386,126.7343851957727,14.0
23050720030702,37.40923354810588,126.73409360311473,26.0
23050720030701,37.408641082255265,126.73511417418094,12.0
23050720040001,37.41403306197594,126.74641175206881,0.0
23050730010005,37.41596547882302,126.7129127434802,22.0
23050730010003,37.40758429473708,126.70511880666507,9.0
23050730010004,37.41382501132519,126.71271456713508,27.0
23050730010002,37.40191282712418,126.70905340715049,0.0
23050730010006,37.41555610092612,126.71241134491905,14.0
23050730010001,37.40318933496433,126.7074237451483,0.0
23050730010106,37.410763910497586,126.71241796495393,29.0
23050730010101,37.41168594053933,126.71279612435782,27.0
23050730010105,37.41033790788832,126.71107230048952,23.0
23050730010103,37.41182932998835,126.71182081874218,28.0
23050730010104,37.41164207990681,126.71106722410445,17.0
23050730010102,37.40970656634196,126.71211576649925,20.0
23050730010201,37.41265029464979,126.71276998712193,18.0
23050730010202,37.41305798543602,126.71152733256635,21.0
23050730010302,37.40664810797119,126.71002677895935,38.0
23050730010301,37.407786532184616,126.71021530994014,41.0
23050730010305,37.40671759407865,126.71119222934027,41.0
23050730010303,37.40770277807965,126.71145123195204,31.0
23050730010304,37.40571036141957,126.71007516999606,33.0
23050730010401,37.40503520127878,126.70912395839221,25.0
23050730010405,37.40448588563626,126.70786977961261,11.0
23050730010403,37.40402842092572,126.70881008647169,5.0
23050730010404,37.404426065055105,126.71051829691854,31.0
23050730010402,37.40348849320953,126.70991399916188,24.0
23050730020001,37.4117379112468,126.69619639045517,7.0
23050730030008,37.40154629687779,126.71314328014424,0.0
23050730030009,37.40764309525933,126.72246995434286,15.0
23050730030001,37.40768352062997,126.71573060606224,18.0
23050730030002,37.40462726685918,126.71792729271633,13.0
23050730030003,37.400409304473584,126.71665552375569,0.0
23050730030004,37.402624778945714,126.72212384461619,52.0
23050730030005,37.40226254104484,126.72301409585893,0.0
23050730030006,37.40819539345313,126.72105421436736,14.0
23050730030007,37.39990837785967,126.71130641556657,58.0
23050730030201,37.410126368425175,126.71348400025802,37.0
23050730030205,37.41131119387855,126.7137929918751,28.0
23050730030204,37.40903861276888,126.71353555882276,39.0
23050730030203,37.41033689488388,126.71503556517173,36.0
23050730030202,37.409590261539215,126.71453307207449,30.0
23050730030301,37.403752169854535,126.71181402910503,28.0
23050730030302,37.40288549138166,126.7126641039634,15.0
23050730030303,37.4028972824561,126.71427756050322,32.0
23050730030304,37.403770970987324,126.71451043871718,32.0
23050730030305,37.404128731670696,126.71229401200718,16.0
23050730030306,37.40222119677524,126.71439068533634,24.0
23050730030307,37.40302304176773,126.71107588293796,30.0
23050730030308,37.40229790757207,126.71255986930042,16.0
23050730030309,37.40372009686614,126.71363523647483,13.0
23050730030403,37.40387225675777,126.7177094584134,16.0
23050730030402,37.40294912096246,126.71848244731859,19.0
23050730030401,37.40403927295603,126.71848735919781,24.0
23050730030405,37.40375158327832,126.71682893494614,26.0
23050730030404,37.402608781121685,126.71726767946168,20.0
23050730030505,37.400601602513234,126.71739068740085,40.0
23050730030504,37.40177567289552,126.7189050348131,25.0
23050730030503,37.4019404693963,126.71998507102751,21.0
23050730030502,37.401866517476456,126.71748024348837,21.0
23050730030501,37.40074154910891,126.71841707100386,29.0
23050730030506,37.40072343153041,126.71998527196098,27.0
23050730030604,37.40338675172239,126.72126866859627,19.0
23050730030603,37.40437074739306,126.72045024509566,28.0
23050730030602,37.404569440829434,126.72144607359738,24.0
23050730030601,37.40514561634744,126.72281904099222,7.0
23050730030605,37.40431006235889,126.72299051115243,21.0
23050730030701,37.40611152486449,126.7227255013944,0.0
23050730030801,37.40253454369325,126.71572683716795,35.0
23050740010005,37.38831830856413,126.7205530467578,92.0
23050740010015,37.392134517567975,126.71562868934004,0.0
23050740010010,37.3962607416521,126.70581065551616,0.0
23050740010007,37.3839499027861,126.71197668448487,80.0
23050740010002,37.396339492157715,126.71946146170814,0.0
23050740010009,37.39135231337247,126.72878046558394,18.0
23050740010016,37.398238155576614,126.72798540084477,8.0
23050740010001,37.394159968450865,126.69095908542566,0.0
23050740010011,37.39360154872026,126.6769820107584,0.0
23050740010012,37.399859000731105,126.7240293912194,11.0
23050740010004,37.390372394916994,126.70940316036898,0.0
23050740010014,37.38802657656314,126.69820263332385,0.0
23050740010013,37.395308581144086,126.68233412083106,0.0
23050740010006,37.39982702719842,126.7339608985722,55.0
23050740010003,37.40419100407379,126.6885463251029,0.0
23050740010008,37.401986218038616,126.69945066939192,0.0
23050740010101,37.395886471286104,126.7341412212927,35.0
23050740010104,37.394905373252996,126.73345246901893,25.0
23050740010103,37.397105329256476,126.73283384497765,43.0
23050740010106,37.3970693346389,126.73504647914265,29.0
23050740010108,37.39790362860148,126.7338670561082,26.0
23050740010105,37.39633249058824,126.73293335508002,46.0
23050740010107,37.39652854634334,126.73443027472167,32.0
23050740010102,37.39538033392501,126.73278280481156,33.0
23050740010210,37.3919395129704,126.73025604037093,32.0
23050740010207,37.3939358942802,126.7305814571635,42.0
23050740010202,37.39488347176772,126.7300612614331,40.0
23050740010209,37.39357332919708,126.73098335122634,43.0
23050740010201,37.3934868410834,126.72932479990365,35.0
23050740010211,37.39277020402913,126.72935996193937,37.0
23050740010204,37.39367873471247,126.73210784350086,25.0
23050740010203,37.39434409795807,126.73024262650746,38.0
23050740010212,37.39275389489686,126.73106130046543,44.0
23050740010206,37.394834998187754,126.73132956255223,32.0
23050740010208,37.394367813159135,126.73189436174275,24.0
23050740010205,37.39214033543826,126.72918585057552,36.0
23050740010304,37.39928368701687,126.73167984628772,29.0
23050740010303,37.398736736139334,126.73072586607094,39.0
23050740010306,37.3979637705383,126.72999052902384,37.0
23050740010308,37.39799738776478,126.73111718960826,44.0
23050740010305,37.39788165970323,126.73222289826937,29.0
23050740010307,37.39726209607251,126.7293931316228,36.0
23050740010302,37.39730182470117,126.73154686944291,37.0
23050740010301,37.39851753066328,126.73280098603651,28.0
23050740010403,37.400153816664016,126.73209415543944,48.0
23050740010402,37.399294940595254,126.73333861361594,47.0
23050740010401,37.39972329538114,126.73281125095512,59.0
23050740010501,37.387637338701204,126.72252089643473,44.0
23050740010503,37.38612243012298,126.72180216505143,41.0
23050740010504,37.38698154840332,126.72337707287643,39.0
23050740010502,37.38614942733666,126.72362663378068,37.0
23050740010605,37.39282449568941,126.72620185072267,48.0
23050740010603,37.391969469520625,126.72526108833344,65.0
23050740010604,37.39271726648504,126.7241211703102,35.0
23050740010602,37.39384253633692,126.72536565633749,42.0
23050740010601,37.39330081170152,126.72477227346877,31.0
23050740010701,37.40013574586711,126.73050566148557,35.0
23050740010703,37.398513840100534,126.72871226158983,60.0
23050740010704,37.40104531993922,126.73141937074107,35.0
23050740010702,37.39952028508733,126.7298123463308,32.0
23050740010801,37.40023966056611,126.72891980827296,7.0
23050740010803,37.399951377587506,126.72712290262963,11.0
23050740010804,37.400816618366385,126.72903426284262,32.0
23050740010802,37.39938797209876,126.72790297459511,16.0
23050740010903,37.39149096116049,126.72814638495508,32.0
23050740010902,37.39060704680235,126.72904898132713,29.0
23050740010901,37.390361808773264,126.72754175874185,36.0
23050740011002,37.39511535381403,126.72672756702732,55.0
23050740011007,37.394363008906815,126.7278636078639,38.0
23050740011006,37.39448530845997,126.72603100526281,41.0
23050740011001,37.39480514442775,126.7285650843819,40.0
23050740011005,37.393987781842114,126.72676910168254,36.0
23050740011003,37.39351098411168,126.72744390958009,47.0
23050740011004,37.395574729375355,126.72745121937797,35.0
23050740011101,37.394519717587606,126.72381414183968,86.0
23050740011205,37.396343396476446,126.72508314874594,21.0
23050740011203,37.397165559569494,126.72464932149256,35.0
23050740011204,37.395343319695776,126.72568381831762,45.0
23050740011202,37.398166837679256,126.72424629475414,26.0
23050740011207,37.39665986994074,126.72664179903595,33.0
23050740011206,37.39740509054408,126.72561386169095,43.0
23050740011201,37.395648701232055,126.7245122058283,5.0
23050740011301,37.397356419791684,126.72236814465532,26.0
23050740011303,37.396470830234435,126.72322108273998,28.0
23050740011302,37.39785577585407,126.72291345943364,6.0
23050740011401,37.38535027890807,126.71805822200562,41.0
23050740011402,37.38469209560644,126.71806743600669,64.0
23050750010001,37.45878003636289,126.74618918887965,46.0
23050750020003,37.45866216444381,126.7680779577842,5.0
23050750020004,37.45079260342566,126.75485146073287,13.0
23050750020005,37.4504680894553,126.75259412262439,16.0
23050750020006,37.45751780453112,126.75792260289185,10.0
23050750020001,37.45325668542368,126.75204068407783,16.0
23050750020002,37.45102670548422,126.7509194200656,24.0
23050750020101,37.45086204654699,126.74911008418518,5.0
23050750020102,37.45239787610651,126.74907823370016,6.0
23050750020103,37.451443534193686,126.74845256428314,5.0
23050750030001,37.43464581143134,126.76536384814194,0.0
23050750040003,37.43521083462748,126.74990584149995,54.0
23050750040004,37.440763834698096,126.7531647867246,37.0
23050750040001,37.43413691759976,126.74650598258889,18.0
23050750040002,37.43460793080096,126.75142745715978,26.0
23050750040007,37.437378545176664,126.74484200047219,13.0
23050750040005,37.44190544606145,126.75554511946234,19.0
23050750040008,37.43791155389271,126.74569641493687,23.0
23050750040006,37.43357103950941,126.75036241114498,28.0
23050750040101,37.438904803023235,126.74576736676069,6.0
23050750040102,37.43891682089382,126.74413714395016,19.0
23050750040104,37.439047105819384,126.7449931620325,20.0
23050750040103,37.438872833236616,126.74664147755077,22.0
23050750040202,37.43644879254935,126.75158827066386,24.0
23050750040203,37.43779186557426,126.75004872782102,47.0
23050750040201,37.43722959535982,126.75093898119414,49.0
23050750040301,37.43761725618214,126.74776439454506,32.0
23050750040302,37.436022317895656,126.74845568723757,24.0
23050750040304,37.437459084118856,126.74896415605211,42.0
23050750040303,37.43654297034534,126.74958045531034,43.0
23050750040401,37.43528087121652,126.75252921703894,36.0
23050750040402,37.435853302889306,126.75207150450305,40.0
23050750040403,37.434777922548406,126.75216989290776,15.0
23050750040502,37.43487646826924,126.7473579682577,39.0
23050750040503,37.433682629748816,126.74856742750752,35.0
23050750040501,37.43419039450535,126.74799459554498,22.0
23050750040601,37.439766384266875,126.7473948273744,30.0
23050750040602,37.4391392502135,126.74755881240549,24.0
23050760010001,37.42796497963996,126.75406467858825,14.0
23050760010005,37.422427958408996,126.74131088408623,0.0
23050760010003,37.43136310191268,126.75114079396205,26.0
23050760010004,37.42691104570678,126.74303347157114,8.0
23050760010002,37.42469457278039,126.75668704506182,24.0
23050760010101,37.418391450936234,126.75412827884182,21.0
23050760010105,37.41778513612434,126.7533911962887,29.0
23050760010103,37.41959954124694,126.7539680033233,0.0
23050760010104,37.41866901641515,126.75185929479744,26.0
23050760010102,37.41925749731077,126.75284630589472,5.0
23050760010201,37.421568197842156,126.75018124626618,42.0
23050760010205,37.42030838297852,126.7494559624567,39.0
23050760010203,37.42082145942215,126.7504318550561,47.0
23050760010204,37.41954052369294,126.75076585164182,49.0
23050760010202,37.42038101583142,126.751608787166,34.0
23050760010301,37.429045730308545,126.74691044215469,37.0
23050760010401,37.42650653877568,126.75037256925405,122.0
23050760010405,37.42669312912681,126.74893052598473,63.0
23050760010403,37.425307289816594,126.75051409871332,76.0
23050760010404,37.425842402083425,126.74942094596982,88.0
23050760010402,37.42712316359335,126.75084843420296,71.0
23050760010506,37.42897206790061,126.7483052509741,51.0
23050760010508,37.4297126627546,126.74812409211175,50.0
23050760010505,37.42844895306536,126.74943842971952,57.0
23050760010507,37.429175564959934,126.74984178881674,62.0
23050760010502,37.42828155972244,126.74840011933975,60.0
23050760010501,37.42982648796025,126.74947824810779,45.0
23050760010504,37.427569469047405,126.7489167273474,80.0
23050760010503,37.42817502132472,126.75046446999383,118.0
23050760010603,37.430604098706524,126.7480295868593,77.0
23050760010604,37.43170715736015,126.74933254936727,28.0
23050760010602,37.431699891789094,126.74803318805431,65.0
23050760010601,37.43126969793637,126.74972660216407,59.0
23050760010701,37.43151123016517,126.74462200568789,72.0
23050760010703,37.43026193871318,126.7462507964956,65.0
23050760010704,37.43161352884541,126.74623265108389,49.0
23050760010702,37.43019501738706,126.74476196332833,54.0
23050760010801,37.4316186887881,126.74318415463658,6.0
23050760010805,37.43041736932767,126.742236521125,11.0
23050760010803,37.43176273780027,126.74190185202796,34.0
23050760010804,37.43051021552489,126.74106208275585,13.0
23050760010802,37.43026934448491,126.7401668301223,31.0
23050760010806,37.43003391832471,126.74336535387994,0.0
23050760010902,37.42753087068448,126.7440974916847,91.0
23050760010906,37.429053447682485,126.74305713016433,82.0
23050760010901,37.42809526020502,126.74311181783408,92.0
23050760010905,37.428462547787845,126.74403483197655,77.0
23050760010903,37.42684698909291,126.74451991302041,73.0
23050760010904,37.429374702379114,126.74210887271578,69.0
23050760011006,37.42200591485285,126.74216124950527,26.0
23050760011001,37.4223793629845,126.74282871644535,51.0
23050760011005,37.42146847938788,126.7454474576444,54.0
23050760011003,37.422933453941624,126.74371513507056,54.0
23050760011004,37.42123464334328,126.74260742926174,54.0
23050760011002,37.42155890235106,126.7441997215121,38.0
23050760011007,37.422825418078745,126.74489902273017,35.0
23050760011104,37.42344174191624,126.74115590070411,86.0
23050760011102,37.424714439540175,126.7423732226046,60.0
23050760011101,37.424443025515124,126.74097222069368,72.0
23050760011105,37.42345733580246,126.74268503316902,64.0
23050760011103,37.42418348460837,126.74239463759598,63.0
23050760011202,37.422185195147236,126.74753884654548,51.0
23050760011201,37.42315663384243,126.74652355284726,60.0
23050760011203,37.423653239058034,126.74737926820508,49.0
23050760011204,37.422712508437534,126.74821668386869,47.0
23050760011303,37.424493349023756,126.74678135039707,51.0
23050760011302,37.42469725840945,126.74571211542599,80.0
23050760011301,37.42583893601825,126.7459572548224,45.0
23050760011402,37.42747285689399,126.75791680492723,27.0
23050760011401,37.427845339976436,126.75901312131737,13.0
23050760011508,37.42898617036453,126.75777587419223,20.0
23050760011505,37.431096949347754,126.75729414417934,29.0
23050760011507,37.42968198755878,126.7571605584889,45.0
23050760011502,37.430437076835695,126.75801820468806,30.0
23050760011509,37.43033809394712,126.7566118104805,40.0
23050760011501,37.42982572815224,126.75872732507115,38.0
23050760011504,37.42916392395438,126.75902604897176,28.0
23050760011503,37.43112910417846,126.75607941136836,44.0
23050760011506,37.43092977150175,126.75885083043232,37.0
23060510010005,37.50567918397207,126.71935772184814,27.0
23060510010006,37.50432224454332,126.72066189220034,48.0
23060510010007,37.50055602391067,126.71983891703628,9.0
23060510010008,37.50123408346161,126.7214256523935,35.0
23060510010009,37.49942687043193,126.71755129443238,0.0
23060510010001,37.504107140606465,126.71751413360923,0.0
23060510010010,37.50332367066339,126.72090376792721,39.0
23060510010002,37.503889163027296,126.71942922339935,20.0
23060510010003,37.49940986182212,126.72148891589076,40.0
23060510010004,37.50232063983788,126.72059708619217,20.0
23060510010108,37.50172180963821,126.71686726813009,19.0
23060510010105,37.50127159040513,126.71685169638695,9.0
23060510010103,37.50317884313368,126.71746378844976,29.0
23060510010106,37.502436669570486,126.71817701824428,25.0
23060510010101,37.50220765677656,126.71686200373401,26.0
23060510010104,37.50266967422068,126.71685057541177,22.0
23060510010107,37.50173115823779,126.7181893189032,22.0
23060510010102,37.5012809355538,126.71819742632992,19.0
23060510010201,37.49951930313433,126.7165624092179,18.0
23060510010301,37.499499704365064,126.71719376995031,27.0
23060510010501,37.50435802634707,126.71805206469544,0.0
23060510010602,37.499486988298656,126.7179348712451,20.0
23060510010601,37.49944828136956,126.7185767186859,12.0
23060510010704,37.500388521808766,126.71827919897679,29.0
23060510010703,37.50089693112941,126.71821963748495,9.0
23060510010702,37.500889191837736,126.71686270865834,15.0
23060510010701,37.50038004123139,126.7169196845439,46.0
23060510010801,37.50544932648253,126.72063484426604,18.0
23060510020002,37.49790013860418,126.72131691298938,26.0
23060510020005,37.49205844352416,126.71797137116906,30.0
23060510020004,37.49496770618128,126.72183271337688,15.0
23060510020007,37.49179475404146,126.72115555718608,24.0
23060510020006,37.4930310846348,126.72046276744693,31.0
23060510020009,37.49219622170714,126.72012310979989,43.0
23060510020008,37.49491295847504,126.7203892327653,40.0
23060510020001,37.492165689088935,126.72237345326067,21.0
23060510020003,37.4930942470283,126.72150100242659,13.0
23060510020107,37.496343789759685,126.71897122242837,33.0
23060510020110,37.49864593725207,126.71667081852343,16.0
23060510020105,37.49797440017334,126.7171745364872,10.0
23060510020106,37.497390430599175,126.71820151248009,14.0
23060510020103,37.49766266587722,126.7196111565873,16.0
23060510020109,37.49681605230004,126.71982052610403,26.0
23060510020104,37.4968513308453,126.7182474895899,25.0
23060510020101,37.49711027862446,126.71679252178615,9.0
23060510020111,37.49857551914099,126.71809383973758,25.0
23060510020102,37.49635270588611,126.71715293837647,20.0
23060510020108,37.498242003399525,126.7191845182579,26.0
23060510020201,37.494836758868516,126.71750776798268,39.0
23060510020210,37.49535858587922,126.71755500300716,20.0
23060510020202,37.4958492065494,126.71743711002742,24.0
23060510020205,37.49582319997014,126.71946724386748,28.0
23060510020204,37.493934866401936,126.71709107134122,34.0
23060510020207,37.495349744774444,126.71948590279264,10.0
23060510020206,37.492292856025756,126.71854978971847,28.0
23060510020203,37.49426330616271,126.71879623332389,26.0
23060510020209,37.49343635470415,126.71847005482901,31.0
23060510020208,37.49483988558602,126.71950932620254,15.0
23060510030003,37.490275941483105,126.72721133685542,35.0
23060510030004,37.489957448452586,126.72887569370359,15.0
23060510030002,37.490764559957846,126.72382570442609,8.0
23060510030007,37.489770916759255,126.7224823606947,69.0
23060510030006,37.491016347580334,126.72700208787403,6.0
23060510030001,37.490830264610146,126.72019007918135,19.0
23060510030005,37.49071843052457,126.72899521813598,35.0
23060510030202,37.49054335266192,126.71751180705729,22.0
23060510030201,37.49093096138046,126.71733632381456,16.0
23060510031701,37.49096747043858,126.71849827075178,0.0
23060510031702,37.490831746598346,126.71885802133691,126.0
23060520010007,37.486412507501065,126.71370848826561,20.0
23060520010013,37.488020602044614,126.71933285716743,26.0
23060520010002,37.48732399560585,126.72146535132057,6.0
23060520010012,37.48391011452165,126.71363346480618,36.0
23060520010001,37.485341158596164,126.7164926655831,0.0
23060520010011,37.487300427737765,126.71891538350573,13.0
23060520010009,37.486307811850764,126.71731721920386,26.0
23060520010010,37.48732654559042,126.7178397311905,26.0
23060520010017,37.48847170776496,126.71845067416659,27.0
23060520010008,37.48688507757894,126.72029040978127,20.0
23060520010018,37.488374215774485,126.72104348719645,14.0
23060520010006,37.48921452858375,126.71849167352744,31.0
23060520010016,37.486402166604734,126.71945269609347,29.0
23060520010005,37.48754934078437,126.71582681292885,29.0
23060520010015,37.48791929099147,126.72041695336236,13.0
23060520010004,37.489227792387624,126.72057770715888,44.0
23060520010014,37.48604113829264,126.71834514124667,19.0
23060520010003,37.4845691304263,126.71583962218399,26.0
23060520010202,37.48570197135459,126.71420339492526,60.0
23060520010201,37.48544156540766,126.71487803740641,72.0
23060520020010,37.48623620833706,126.72095442397494,43.0
23060520020001,37.48630963164974,126.72186528382841,27.0
23060520020011,37.48580037862086,126.72054001539954,27.0
23060520020003,37.484758349414506,126.7198325854393,27.0
23060520020002,37.477040313802334,126.72262746639403,15.0
23060520020005,37.48472186382572,126.7181614729823,28.0
23060520020004,37.48294031181258,126.71786767934279,12.0
23060520020007,37.48179355698029,126.71452062351143,11.0
23060520020006,37.48517588630706,126.72124630099975,16.0
23060520020009,37.48272793270157,126.71512261951395,10.0
23060520020008,37.48182405908979,126.71634121672179,18.0
23060520020102,37.48403605643055,126.71667103870438,11.0
23060520020101,37.48380720396036,126.71581160384692,22.0
23060530010002,37.48394130963754,126.70948663236778,40.0
23060530010012,37.48761995652226,126.70970292993006,13.0
23060530010001,37.489934645818195,126.71280747105682,13.0
23060530010011,37.48589700388513,126.71255533777894,45.0
23060530010020,37.48265713365855,126.7107038061561,0.0
23060530010009,37.48477101257819,126.71162718550855,12.0
23060530010019,37.482820722985764,126.71139578434097,46.0
23060530010010,37.49001856903768,126.71143562352195,0.0
23060530010017,37.481249171492145,126.71004178913968,17.0
23060530010008,37.488570632377936,126.71346984974201,22.0
23060530010018,37.484416604249056,126.70986516377828,67.0
23060530010007,37.48621187662132,126.71015995659911,10.0
23060530010016,37.48561373242031,126.70862796983948,0.0
23060530010005,37.48393132374434,126.71073493000786,38.0
23060530010015,37.48133821692038,126.71090030960139,5.0
23060530010004,37.48342039450115,126.7112221813566,19.0
23060530010014,37.48833103801004,126.70979770689905,0.0
23060530010003,37.48901510617858,126.71096467431167,6.0
23060530010013,37.48931459593996,126.71197412825002,17.0
23060530010006,37.486700762760556,126.70894529060597,6.0
23060530020002,37.477341454142596,126.7081607235228,25.0
23060530020003,37.48022242181775,126.70815293709497,5.0
23060530020001,37.4845623006107,126.70473931814813,11.0
23060530020004,37.479624963882706,126.7097758607738,9.0
23060530020101,37.48513231275546,126.70734164379076,32.0
23060530020104,37.48482116226932,126.70592889596035,79.0
23060530020105,37.48387814490487,126.70484173250814,96.0
23060530020102,37.48381418809606,126.70638957278439,62.0
23060530020103,37.48442651464707,126.70679170358243,47.0
23060530020106,37.48388364841809,126.70579182173687,80.0
23060530020107,37.48318445302232,126.70575975284804,72.0
23060530020201,37.48241779812067,126.7074479685986,42.0
23060530020302,37.48286119840676,126.70823179318648,24.0
23060530020301,37.48330863180963,126.70805906922199,21.0
23060540010008,37.50612771971356,126.72428213702098,25.0
23060540010029,37.505186603691435,126.7285627940541,17.0
23060540010039,37.50444752050823,126.72987334625773,6.0
23060540010009,37.50167653892735,126.72863241740906,46.0
23060540010019,37.50269515744343,126.72963799213092,10.0
23060540010018,37.499860303921,126.72912328441107,35.0
23060540010043,37.50046837807947,126.7292286162448,22.0
23060540010006,37.50627185813846,126.72821031548092,8.0
23060540010016,37.500548664234714,126.72747609634776,38.0
23060540010046,37.503568786877146,126.72649255815489,18.0
23060540010020,37.500575710448814,126.72413017297193,24.0
23060540010030,37.5034325179437,126.72176632817416,28.0
23060540010021,37.50122671048699,126.72459770620027,51.0
23060540010031,37.499731082790554,126.72578679162592,20.0
23060540010001,37.50577341918865,126.727594132115,41.0
23060540010022,37.500657123392976,126.7231425724562,30.0
23060540010032,37.4995582667932,126.72774321286931,11.0
23060540010002,37.50631644832141,126.72173563495733,56.0
23060540010023,37.50504034243127,126.72675736357962,48.0
23060540010033,37.50552659663157,126.72336211533319,50.0
23060540010003,37.499118270259906,126.72641146746666,30.0
23060540010013,37.50071493504547,126.72562016707066,20.0
23060540010034,37.50173624197557,126.73053942657295,24.0
23060540010004,37.505835492551824,126.7298415618876,15.0
23060540010025,37.5028488376435,126.72182456470641,0.0
23060540010035,37.50269416117627,126.72699553924227,23.0
23060540010005,37.502021373057346,126.72306603639123,32.0
23060540010026,37.50075340284901,126.726549780563,16.0
23060540010036,37.50301870790344,126.72197731994369,21.0
23060540010012,37.503118722022165,126.72710830885175,29.0
23060540010027,37.50055250743505,126.72816444228582,48.0
23060540010037,37.50363654098652,126.7281617907302,17.0
23060540010007,37.5020545117652,126.72599143054543,28.0
23060540010017,37.49926061254695,126.7236674601555,24.0
23060540010044,37.50352775804152,126.72989299742346,24.0
23060540010040,37.498717333517455,126.7268932790824,0.0
23060540010010,37.500220768496234,126.722395352756,0.0
23060540010011,37.50418326246854,126.72694984829373,26.0
23060540010024,37.50167769900824,126.72454487928809,46.0
23060540010041,37.504844855055346,126.72231860258842,32.0
23060540010042,37.49917022791919,126.72888741591898,33.0
23060540010014,37.50022430242111,126.73025777773995,35.0
23060540010015,37.500003396833165,126.72493271011689,39.0
23060540010045,37.49868634366758,126.72958009600787,18.0
23060540010028,37.5000771256162,126.7265004929769,54.0
23060540010038,37.50211368036731,126.72458461288339,37.0
23060540010101,37.50112711689804,126.72216455303051,37.0
23060540010401,37.499286359398106,126.72546769537308,13.0
23060540010705,37.502618965668105,126.72470612629432,30.0
23060540010704,37.50419752254154,126.72489934392456,36.0
23060540010703,37.50280855008529,126.72359289514074,34.0
23060540010702,37.50355565418625,126.723224016833,22.0
23060540010707,37.50380513316829,126.72400163927773,57.0
23060540010701,37.50448457410584,126.7234104455949,25.0
23060540010706,37.50333446816587,126.72497318861878,30.0
23060540012301,37.50162300713256,126.72638230350354,13.0
23060540014801,37.49961047537785,126.72688157356923,38.0
23060540017001,37.50133203401545,126.72325666094667,73.0
23060540020006,37.49702523015592,126.72804483571822,26.0
23060540020003,37.49596447767087,126.72676163411339,15.0
23060540020013,37.497731274935475,126.7293808823422,29.0
23060540020009,37.49779631672766,126.72756627448767,36.0
23060540020004,37.49807102047129,126.72333086663218,8.0
23060540020001,37.49770317164588,126.72848889826862,69.0
23060540020011,37.49591400213704,126.72561739257358,10.0
23060540020002,37.49460036369041,126.72524212964602,54.0
23060540020012,37.49753325084024,126.7254104283124,21.0
23060540020008,37.49790087872776,126.72434084198619,7.0
23060540020007,37.49526200221239,126.72368641883307,13.0
23060540020010,37.497092943100654,126.72332561230265,27.0
23060540020005,37.495607153155454,126.72555122818932,40.0
23060540020201,37.49751849803357,126.72624361134501,10.0
23060540021201,37.4963338027841,126.72805848712376,50.0
23060550010003,37.49906547101525,126.7326681276283,29.0
23060550010004,37.50459510046172,126.73211491379811,12.0
23060550010005,37.50233241409685,126.73341553821366,11.0
23060550010006,37.50018264797904,126.73162617743466,33.0
23060550010007,37.4984671917734,126.73297562510427,27.0
23060550010001,37.502853336004215,126.731742817338,19.0
23060550010008,37.49950558794697,126.73189948021493,29.0
23060550010009,37.49989734003099,126.73350726618824,17.0
23060550010011,37.500183933193014,126.73099729386087,45.0
23060550010012,37.49982832419403,126.73242991247042,38.0
23060550010010,37.500595851872646,126.73256425454935,62.0
23060550010002,37.50027508441407,126.7322969840708,26.0
23060550010102,37.50134748197461,126.7324350529595,54.0
23060550010101,37.50145639210033,126.73168980431004,72.0
23060550010501,37.49828999381248,126.73216903573221,30.0
23060550011701,37.49864440922048,126.7311011883746,29.0
23060550020023,37.49174312986428,126.73279119609175,28.0
23060550020003,37.489639004000196,126.73270553139345,16.0
23060550020013,37.492295004606376,126.73171925800355,37.0
23060550020024,37.49067498837161,126.7319935014805,28.0
23060550020004,37.49734479955423,126.73113932641672,49.0
23060550020014,37.49360143015214,126.73072474185211,27.0
23060550020021,37.49299222361183,126.73147042351013,40.0
23060550020001,37.490000309867355,126.73166703219144,48.0
23060550020011,37.49560307924529,126.73305481877794,20.0
23060550020022,37.490426434335134,126.7304061297863,21.0
23060550020002,37.49313837326307,126.73238853092924,24.0
23060550020012,37.49746149242749,126.73308011569534,20.0
23060550020019,37.49181518106442,126.73206557544702,34.0
23060550020009,37.49750136843384,126.73204588599762,33.0
23060550020027,37.48932144261776,126.73103622743221,62.0
23060550020007,37.49144575815279,126.73056487991431,53.0
23060550020017,37.4939327001946,126.73272911949385,12.0
23060550020020,37.49024661129226,126.7330139141457,50.0
23060550020010,37.49113979580612,126.73274689832164,51.0
23060550020025,37.49467176826006,126.73148120697587,41.0
23060550020005,37.496367521446466,126.73286086651295,13.0
23060550020015,37.494187351745616,126.73139111682475,42.0
23060550020008,37.494775425978794,126.73280927089267,19.0
23060550020018,37.490766382060976,126.73334207846705,41.0
23060550020006,37.49598841853145,126.7312286610264,89.0
23060550020016,37.49498137133932,126.7309540137699,40.0
23060550020026,37.48975640805121,126.73021355627841,93.0
23060550020301,37.490436251068196,126.73155194981844,44.0
23060550020603,37.492145442085736,126.7351542675577,80.0
23060550020606,37.491171477839174,126.73429044969964,90.0
23060550020607,37.491221199467695,126.73546692548385,93.0
23060550020601,37.49223084939148,126.73386553737328,87.0
23060550020604,37.49337436692959,126.73582040741408,30.0
23060550020605,37.49253782089197,126.73610548933578,85.0
23060550020602,37.492820602868235,126.7346477763341,96.0
23060550023301,37.49259759884269,126.73064805744025,39.0
23060550026401,37.49431834098875,126.7304116076107,46.0
23060550030005,37.49199984020826,126.72584267923442,0.0
23060550030011,37.49374971016835,126.72686893792007,13.0
23060550030001,37.49328873564272,126.72931573291808,31.0
23060550030008,37.494604501744384,126.72867693560137,26.0
23060550030009,37.492684170407436,126.72935399960349,31.0
23060550030002,37.49661902681688,126.72986124842205,25.0
23060550030003,37.49367510274848,126.7252554304587,19.0
23060550030010,37.49497230031297,126.72971836938795,19.0
23060550030006,37.49364748422825,126.72860495755681,47.0
23060550030007,37.49550454662176,126.72900656017192,20.0
23060550030004,37.49259379459501,126.72776371704144,21.0
23060550030201,37.49637931136542,126.7299470994896,29.0
23060550031501,37.496594035644826,126.72916564487485,23.0
23060550032101,37.495750487242326,126.72831053771897,59.0
23060550032701,37.49436534641227,126.72966061317108,21.0
23060550033101,37.491857995688385,126.72937677822293,65.0
23060550033301,37.492561399112205,126.7286062595694,52.0
23060560010004,37.488536853458115,126.72201630003384,31.0
23060560010003,37.48826971809826,126.72484627455711,12.0
23060560010002,37.48779278980084,126.72235761929228,16.0
23060560010007,37.488108435512274,126.72351312714429,16.0
23060560010001,37.488811153533796,126.72747696136008,35.0
23060560010006,37.487889494473315,126.72688671673546,28.0
23060560010005,37.48893671497751,126.72291925702329,20.0
23060560010102,37.48825315210465,126.72743662373509,32.0
23060560010101,37.48823713878385,126.72681308080801,34.0
23060560010401,37.4880035235646,126.72873120382378,8.0
23060560020002,37.48772709415327,126.73049826744156,16.0
23060560020001,37.4884441644838,126.73108686363894,14.0
23060560030003,37.487178743545364,126.72598988348092,37.0
23060560030010,37.487048248848275,126.72762880748625,52.0
23060560030006,37.48607181852254,126.726524806882,27.0
23060560030007,37.48682482807103,126.72444915116574,13.0
23060560030004,37.486225634179355,126.72352884858996,18.0
23060560030005,37.48337804085214,126.7250140588189,25.0
23060560030008,37.487051005602005,126.72274122216419,27.0
23060560030009,37.48612031189451,126.72548460614438,21.0
23060560030001,37.48449353653159,126.7228972545265,26.0
23060560030011,37.48637309599123,126.72771114232914,27.0
23060560030002,37.48629516355683,126.72856887589282,29.0
23060560030302,37.48513968232686,126.72801209463853,92.0
23060560030301,37.48457657604911,126.72711752867147,87.0
23060560031101,37.486044191708395,126.72246921460558,41.0
23060560040001,37.485961887187116,126.73104092228442,8.0
23060560040002,37.486084201512654,126.73049144531637,16.0
23060560040101,37.48347559627287,126.72968035771763,36.0
23060560040104,37.48276377637354,126.73053056516491,30.0
23060560040102,37.48168167544102,126.73005362982055,41.0
23060560040103,37.48276512824499,126.7316446831389,43.0
23060560040201,37.48478222189999,126.72972720946623,12.0
23060570010004,37.510721608177136,126.70264458023182,11.0
23060570010003,37.51110389603301,126.6943640203576,27.0
23060570010002,37.51365331629022,126.69930732237468,17.0
23060570010001,37.510359114291184,126.69996834628178,45.0
23060570010104,37.51233030897161,126.70094518760247,58.0
23060570010103,37.51248474887257,126.69980785310243,90.0
23060570010102,37.512968380996455,126.69893550973235,71.0
23060570010101,37.51299038278144,126.70044938561826,72.0
23060570010501,37.51248631754237,126.70200702882806,0.0
23060570020004,37.50598462225978,126.69843650952484,0.0
23060570020003,37.50562532136751,126.69646075817009,0.0
23060570020001,37.50160233943428,126.69584651158699,34.0
23060570020102,37.508527621517146,126.69841055589677,50.0
23060570020103,37.50557298544034,126.69889002077174,34.0
23060570020101,37.50645352219391,126.6989219209178,90.0
23060570020104,37.508241504681436,126.6993958187645,78.0
23060570020105,37.50693957729138,126.69931910775509,76.0
23060570020201,37.504108363216744,126.69321395377538,57.0
23060570020301,37.504380897067385,126.69612510719134,22.0
23060570020401,37.50329988916441,126.69678424809501,12.0
23060570020501,37.50398058363172,126.69753126591637,18.0
23060570020701,37.50574038378731,126.6942804873652,5.0
23060570020801,37.50648215651519,126.69302934149165,5.0
23060570020902,37.50509348950937,126.69666152797208,58.0
23060570020903,37.506271963816694,126.69736336882497,51.0
23060570020901,37.50538040144625,126.69749802753468,76.0
23060570020904,37.50573999580132,126.69599663104746,33.0
23060570021001,37.50820227190582,126.70294833683148,111.0
23060580010103,37.50404496139024,126.7016086297093,22.0
23060580010101,37.503453290406675,126.70062484743765,17.0
23060580020009,37.50142395736314,126.70587801357061,0.0
23060580020008,37.4973169090971,126.70428792452337,18.0
23060580020001,37.50006220866768,126.7035037594034,9.0
23060580020003,37.49915161421365,126.70500842643922,13.0
23060580020002,37.500979455433814,126.70402570975415,13.0
23060580020005,37.508274881125345,126.70578961101086,20.0
23060580020004,37.49983410394152,126.70761644553983,0.0
23060580020007,37.50289156723029,126.70661335002116,0.0
23060580020006,37.50639780377728,126.70674797821043,5.0
23060580020102,37.50378972622955,126.70809760044163,24.0
23060580020101,37.503854000570485,126.70680268152672,21.0
23060580020201,37.50717651719147,126.70617293260459,54.0
23060580020204,37.50769877497473,126.70706370588366,69.0
23060580020202,37.50692598405132,126.70825526126121,58.0
23060580020203,37.50698326388858,126.70701274334662,39.0
23060580020301,37.504007239911665,126.70542643436251,24.0
23060580020302,37.50283176900206,126.70463783472515,33.0
23060580020308,37.50342453991342,126.70573010384439,55.0
23060580020307,37.50315072507728,126.70358382806003,44.0
23060580020305,37.50257245367246,126.70370006609801,31.0
23060580020306,37.503570351671755,126.70467034807076,56.0
23060580020303,37.502723513265884,126.70565350837879,43.0
23060580020304,37.50391922457313,126.70373039647845,22.0
23060580020410,37.50438203250418,126.70651895712287,43.0
23060580020401,37.505478660569466,126.70806397201821,37.0
23060580020411,37.50470189718961,126.7051690756547,39.0
23060580020403,37.50637070285219,126.70474514497036,29.0
23060580020402,37.5049017700304,126.7060361447098,27.0
23060580020405,37.504548674919164,126.7084365493529,37.0
23060580020404,37.5055195528809,126.70518399985578,43.0
23060580020407,37.504491592926335,126.70778550838826,39.0
23060580020406,37.50532058084749,126.70725183834281,37.0
23060580020409,37.50493048977186,126.70682939715941,27.0
23060580020408,37.50574309982027,126.70633931586777,41.0
23060580020503,37.498104033276945,126.70304982309686,33.0
23060580020501,37.49917242087347,126.70307537810427,44.0
23060580020504,37.49870186291134,126.70345068630326,7.0
23060580020502,37.499168238774274,126.70389561314597,19.0
23060580020601,37.49839796138019,126.70643469250638,38.0
23060580020602,37.49795699926899,126.70670545212285,31.0
23060580020701,37.50108061624973,126.70327749207587,17.0
23060580020801,37.50192665023612,126.70563661720867,24.0
23060580020802,37.501840986614475,126.70465581252137,34.0
23060580020803,37.50156289937606,126.70536368502168,19.0
23060580020901,37.501128795450406,126.70495364288426,29.0
23060580021002,37.50040472044807,126.70595551339322,15.0
23060580021001,37.500868609694514,126.70620654672699,30.0
23060580021101,37.501927879025224,126.7035977228275,35.0
23060580021201,37.50188869295689,126.70831237211952,39.0
23060580021204,37.50157898748911,126.70669321994804,27.0
23060580021202,37.5017687681117,126.70758844173761,31.0
23060580021203,37.50236841648009,126.70720706599525,40.0
23060580021301,37.50306508611503,126.70804058347476,43.0
23060580021501,37.49995276958094,126.70475381313916,32.0
23060580021602,37.49882640090329,126.70656186511748,29.0
23060580021601,37.499611976168474,126.70626102520096,39.0
23060590010001,37.495728786272245,126.70376300264867,6.0
23060590010002,37.494019250169565,126.70444360268861,6.0
23060590010003,37.493353400021654,126.70582463597502,0.0
23060590010004,37.49519230809685,126.70674849966971,8.0
23060590010005,37.49670141857467,126.70639189576879,6.0
23060590010007,37.4917896370243,126.70545329557426,0.0
23060590010008,37.49477851945183,126.70549719823916,7.0
23060590010009,37.49523655230205,126.70517392441761,14.0
23060590010110,37.49073587462329,126.70663407843844,26.0
23060590010108,37.48860850935573,126.70706386748867,17.0
23060590010109,37.48993258705237,126.70728987536211,13.0
23060590010102,37.48917963824359,126.70788420996163,19.0
23060590010101,37.48962908240098,126.70912204772239,21.0
23060590010111,37.48771359704104,126.7076583268473,23.0
23060590010103,37.49030422878744,126.70864005910784,23.0
23060590010104,37.491245917397066,126.70846977649205,24.0
23060590010105,37.4898263453136,126.70643591990823,27.0
23060590010106,37.49153342036584,126.70681701196641,35.0
23060590010107,37.48849759214872,126.70857639972608,26.0
23060590010202,37.492308451494445,126.70963444452931,34.0
23060590010207,37.492225465718306,126.7076593173484,35.0
23060590010201,37.49283245507968,126.70896445689944,27.0
23060590010206,37.49340638298289,126.7074934760008,41.0
23060590010205,37.49416348631603,126.70748519510991,16.0
23060590010204,37.49282667785156,126.70710433714167,22.0
23060590010401,37.49543691625763,126.70784548080528,20.0
23060590010403,37.496072927811674,126.70793753450305,5.0
23060590010402,37.49486907584482,126.70827993310388,17.0
23060590020005,37.49135159830824,126.70432589458358,11.0
23060590020002,37.489283257338,126.70214291075797,6.0
23060590020003,37.49382913574032,126.70297919112505,7.0
23060590020006,37.49121896093863,126.70278146273154,6.0
23060590020001,37.49130960935887,126.69935491204176,20.0
23060590020004,37.48863171469726,126.70333543492484,18.0
23060590020103,37.48892454341751,126.70469000867945,21.0
23060590020106,37.48871074299437,126.70577253169323,18.0
23060590020101,37.48966085767072,126.70475762157187,23.0
23060590020104,37.48798138458985,126.7062934196247,20.0
23060590020105,37.48730977654338,126.70598941938783,15.0
23060590020102,37.487985533561485,126.70473830136245,12.0
23060600010003,37.49903016921101,126.71237857509695,15.0
23060600010004,37.50635525469373,126.70987381570342,0.0
23060600010001,37.50440138466295,126.71093174731132,5.0
23060600010002,37.50424992306578,126.71373490581782,13.0
23060600010105,37.505375887157854,126.71244174427645,25.0
23060600010106,37.50591726066695,126.70952475010685,21.0
23060600010101,37.50588351965618,126.71094689941525,29.0
23060600010102,37.5058114429514,126.71171812693757,60.0
23060600010103,37.50516934783579,126.71146876809262,23.0
23060600010104,37.50539408301142,126.70949879502886,31.0
23060600010209,37.501680694927956,126.71519308300941,7.0
23060600010208,37.50020028800749,126.71525158688104,31.0
23060600010207,37.501440218722365,126.71338134372053,23.0
23060600010206,37.50120630692109,126.71418554440004,16.0
23060600010205,37.50129896633102,126.71570775757392,22.0
23060600010204,37.500771413273256,126.71563054677193,19.0
23060600010203,37.5020879361154,126.71528414398009,30.0
23060600010202,37.500152047429324,126.71352149827878,13.0
23060600010201,37.500710533635484,126.71415244663879,20.0
23060600010403,37.50232176401709,126.70929180483448,28.0
23060600010413,37.50131365650701,126.7090279684275,19.0
23060600010412,37.50269534847599,126.70943416356296,15.0
23060600010405,37.50263021829078,126.71085523492935,23.0
23060600010408,37.5031037981069,126.70964036690093,25.0
23060600010402,37.49923872980897,126.70878445157857,40.0
23060600010407,37.50073903396911,126.7098960628026,24.0
23060600010410,37.50327294131548,126.71114634622124,47.0
23060600010404,37.50203148691392,126.71063537013873,43.0
23060600010411,37.500549771384335,126.7088311977439,13.0
23060600010401,37.49987344819238,126.70943310718269,23.0
23060600010406,37.50168183371211,126.70969849198067,21.0
23060600010409,37.503565596285085,126.70972864350857,14.0
23060600010501,37.50301756349008,126.71210949507231,10.0
23060600010601,37.50186296430401,126.71195335083803,0.0
23060610010009,37.51829956868107,126.70316823296338,25.0
23060610010008,37.5230448132493,126.69908759729623,85.0
23060610010007,37.5215278771654,126.70189467597355,16.0
23060610010006,37.52173705120844,126.69910256015923,45.0
23060610010005,37.51882276495011,126.68904395078366,12.0
23060610010004,37.51675182099469,126.69992715719415,52.0
23060610010003,37.5163763133017,126.6931908626745,20.0
23060610010002,37.514274253444576,126.69894268655717,33.0
23060610010001,37.51978253305219,126.70305315347117,37.0
23060610010011,37.52307842875514,126.7025763975836,43.0
23060610010010,37.51729777648987,126.70378833853134,20.0
23060610010012,37.52039425681771,126.70201910844145,29.0
23060610010101,37.52142963952091,126.69542033079159,34.0
23060610010410,37.51434648085494,126.70226324525557,44.0
23060610010409,37.51678330175649,126.70343284046518,76.0
23060610010408,37.51555488996759,126.7033138022998,68.0
23060610010407,37.51352273273888,126.70218553873809,38.0
23060610010406,37.51619957543046,126.70341086169307,72.0
23060610010405,37.51349518144993,126.70309512530322,53.0
23060610010404,37.516494903651356,126.70254259197543,103.0
23060610010403,37.5148935923929,126.70310262422282,96.0
23060610010402,37.514211759901954,126.70320926595389,67.0
23060610010401,37.51559968330343,126.7024173007506,65.0
23060620010003,37.51161024175208,126.70445209990172,17.0
23060620010013,37.51321163228061,126.70611347884669,56.0
23060620010004,37.516105966671596,126.70536161868608,18.0
23060620010014,37.51952107234397,126.70583846810774,42.0
23060620010005,37.5169271919102,126.70821243317087,47.0
23060620010015,37.517477425917164,126.70522193624,38.0
23060620010009,37.51946983225941,126.71701237006448,0.0
23060620010006,37.52187174933151,126.7147071244629,8.0
23060620010016,37.518793855291754,126.70725861306352,43.0
23060620010008,37.52119698519596,126.71049342320993,21.0
23060620010018,37.5160031259348,126.70773490296439,14.0
23060620010007,37.511250026125424,126.70554518760481,11.0
23060620010017,37.521721097211014,126.70583755749226,6.0
23060620010010,37.518612702946065,126.70580324156259,26.0
23060620010019,37.515342833549894,126.70580469821074,80.0
23060620010001,37.512328997972475,126.71513135800612,29.0
23060620010011,37.5154554584539,126.70448541016515,46.0
23060620010002,37.51796178152402,126.70991044172345,35.0
23060620010012,37.5134850381432,126.7045531740991,35.0
23060620010101,37.50820735205777,126.71721161040686,28.0
23060620010201,37.51128134918174,126.70877578868827,97.0
23060620010202,37.511495537028374,126.70778300381,100.0
23060620010203,37.51164191370394,126.70693975670153,126.0
23060620010301,37.52310671746352,126.70641155810797,24.0
23060620010412,37.514080975782754,126.70705220708844,52.0
23060620010405,37.51325651966218,126.70818771849558,31.0
23060620010404,37.51318646778694,126.70933735729375,27.0
23060620010403,37.513213054699236,126.70883143473077,36.0
23060620010402,37.51474385773512,126.7068942919554,20.0
23060620010401,37.51489573009883,126.70788937859913,27.0
23060620010411,37.51321768192642,126.70678210992702,33.0
23060620010410,37.51345561231282,126.70744682960989,41.0
23060620010406,37.5154250563563,126.70926411198876,44.0
23060620010409,37.51559238175465,126.70821571386371,39.0
23060620010408,37.51411427711154,126.7086581020891,36.0
23060620010407,37.51466825128609,126.7090190316386,14.0
23060620010501,37.5179610969175,126.70660099039361,23.0
23060620010601,37.510634258042856,126.70688215523289,57.0
23060620010701,37.5199942162377,126.70811997696815,0.0
23060620010801,37.52072147149163,126.70721561271978,37.0
23060620010802,37.52076800617294,126.70652154820823,42.0
23060620010901,37.51920668443107,126.70961804021816,19.0
23060620010902,37.51919466979011,126.70862367098377,14.0
23060620020003,37.50518939842739,126.71384576654499,5.0
23060620020004,37.50666901996667,126.71768163645392,49.0
23060620020002,37.506833678869945,126.71975955940854,7.0
23060620020006,37.50678699374311,126.70980749926771,0.0
23060620020001,37.50420998146732,126.71561060201137,5.0
23060620020005,37.50637662822464,126.71490611541701,0.0
23060620020104,37.50623037171224,126.71255233047215,48.0
23060620020103,37.507990293304815,126.70968437124134,35.0
23060620020112,37.50722253487693,126.71132783859633,41.0
23060620020106,37.507746062894824,126.71325459346659,36.0
23060620020108,37.50783417504816,126.71192899718557,49.0
23060620020105,37.507277043695595,126.71225124841651,43.0
23060620020113,37.507683787325846,126.71026818982766,40.0
23060620020110,37.50714110430168,126.71006079150128,34.0
23060620020107,37.507462451095925,126.71418551207118,40.0
23060620020102,37.50689836225143,126.7130001214287,49.0
23060620020109,37.506178088338174,126.71370343992754,28.0
23060620020101,37.506625409306565,126.71416969876589,33.0
23060620020111,37.50662741735826,126.71117678419209,35.0
23060620020201,37.50541725434981,126.7151652911882,14.0
23060620020202,37.50478646406847,126.71519478471315,13.0
23060620020301,37.50747321152557,126.71590301815736,32.0
23060620020302,37.506956037854,126.71584467094654,31.0
23060620020401,37.5053322601518,126.71631442356723,5.0
23060620020403,37.506464727277795,126.71584299823871,5.0
23060620020402,37.5059800889324,126.7155806510911,8.0
23060620020601,37.5057323153867,126.71756667377765,30.0
23060630010009,37.51920727626766,126.73090453771962,27.0
23060630010004,37.51247130623504,126.72186633110036,20.0
23060630010014,37.514425102311684,126.72289284849987,0.0
23060630010005,37.519993231367884,126.73124553093298,24.0
23060630010015,37.51841955366324,126.72849635670838,12.0
23060630010006,37.5201651316653,126.72777181182927,5.0
23060630010016,37.516697909465165,126.72495630147499,21.0
23060630010008,37.521027582338704,126.72452510236008,20.0
23060630010018,37.519792236758455,126.72946796784753,26.0
23060630010007,37.51793005284421,126.72462123487334,22.0
23060630010017,37.52311461703005,126.73148041445735,17.0
23060630010010,37.51857707398607,126.73126740329667,23.0
23060630010001,37.51444909331122,126.72562190365731,6.0
23060630010011,37.514714869168415,126.72185212597073,8.0
23060630010002,37.5162944423479,126.72326521023093,11.0
23060630010012,37.51732248361639,126.7311249237309,41.0
23060630010003,37.521502576293564,126.73008271055821,15.0
23060630010013,37.51610966389508,126.72859396027084,15.0
23060630010101,37.52361056773119,126.72832042248713,31.0
23060630010102,37.52317317519441,126.72873970343896,22.0
23060630010201,37.52219520314884,126.73072019731757,30.0
23060630010401,37.51369155680413,126.72158285554964,24.0
23060630010502,37.514802756216696,126.72458733657703,23.0
23060630010503,37.51434990149797,126.72399816193399,21.0
23060630010501,37.51500701375654,126.72367589675672,32.0
23060630010601,37.517806808638994,126.72315366063444,11.0
23060630010602,37.51720237360545,126.72314862893501,24.0
23060630010701,37.51571338046766,126.72505658919839,21.0
23060630010901,37.51671786668966,126.72583731571255,25.0
23060640010001,37.512260242650164,126.7275738248064,0.0
23060640010002,37.51340181090348,126.7294286749679,0.0
23060640010003,37.513991352968894,126.725306429933,0.0
23060640010102,37.51318050393582,126.72443902637525,15.0
23060640010103,37.51326196552248,126.72529801942383,37.0
23060640010104,37.51227633500325,126.72545700230306,34.0
23060640010105,37.51244752164497,126.72332696821448,35.0
23060640010101,37.51231450046441,126.72435536227987,29.0
23060640010202,37.513508167589904,126.72650251890583,0.0
23060640010201,37.51333298877055,126.72810583110282,0.0
23060640010304,37.512201924839616,126.73119037210124,16.0
23060640010305,37.5140559330544,126.73121237111823,20.0
23060640010301,37.51300423287845,126.73116930869807,5.0
23060640010302,37.513350092498804,126.7306414742068,25.0
23060640010303,37.5122032699052,126.72975180596723,20.0
23060640020001,37.509769690480226,126.72558085530783,20.0
23060640020101,37.51015772722499,126.72982374666668,45.0
23060640020201,37.51082841242624,126.73114522205923,44.0
23060640020301,37.51121072057379,126.72968283360824,49.0
23060640020401,37.51127241825844,126.72715410347912,28.0
23060640020403,37.51126480230262,126.72838511120327,24.0
23060640020402,37.510546072641596,126.72771279219909,20.0
23060640020502,37.510051171714146,126.72410990533662,19.0
23060640020501,37.509777641866854,126.7235011307351,28.0
23060640020601,37.51001939637481,126.7220708517484,43.0
23060640020701,37.51103745069175,126.72315081112525,28.0
23060640020703,37.510531839440524,126.72238709175623,31.0
23060640020702,37.51135463820819,126.72258515241491,29.0
23060640020802,37.510983511186154,126.72450729968854,6.0
23060640020801,37.51149987357475,126.7245460319146,22.0
23060640020803,37.51062091290664,126.72449656688295,30.0
23060640030001,37.50893191924255,126.73025627869372,13.0
23060640030004,37.50771877629544,126.73036616057392,31.0
23060640030005,37.50813639085913,126.72267410009594,19.0
23060640030002,37.50864734151009,126.72782281722219,30.0
23060640030003,37.50801894099664,126.72577180030521,26.0
23060640030006,37.50805768276822,126.72710669787027,33.0
23060650010008,37.51835070405274,126.73322920516853,0.0
23060650010007,37.517948135496724,126.73623644894795,14.0
23060650010005,37.52369034970802,126.73982480037841,0.0
23060650010004,37.52290891044028,126.73533896186484,5.0
23060650010003,37.518259062136416,126.73637269217693,16.0
23060650010002,37.52106233508959,126.73691569692912,5.0
23060650010001,37.519694514568705,126.73595699143547,5.0
23060650010101,37.51807108600681,126.73447821488051,5.0
23060650010201,37.523132288329464,126.73995308353459,27.0
23060650010202,37.522712712848204,126.73912606066668,28.0
23060650010401,37.519083483393864,126.73848349729765,34.0
23060650010402,37.51799944355613,126.73866449681884,49.0
23060650010501,37.51913940773097,126.73725769157471,0.0
23060650010602,37.522272773726556,126.73748027191733,38.0
23060650010603,37.521848772780416,126.73738557671639,12.0
23060650010601,37.5213398098994,126.737380748512,21.0
23060650010803,37.52346200386035,126.7366542878342,11.0
23060650010801,37.52317572738339,126.73763630438964,15.0
23060650010802,37.52350526967677,126.73844821030906,5.0
23060650010901,37.52141091851665,126.7348490682393,27.0
23060650010902,37.52080156006547,126.7333552473188,32.0
23060650010903,37.52071734846278,126.73488177301809,16.0
23060650010904,37.52174833850962,126.7333595074273,34.0
23060650011001,37.52002985649179,126.73433913298318,67.0
23060650011002,37.519318022589204,126.73461092237879,86.0
23060650011101,37.52054739061634,126.73711665641775,31.0
23060650011102,37.520379010303394,126.73701127508042,48.0
23060650020003,37.52027713938536,126.74019186269904,26.0
23060650020004,37.51862796024917,126.74148861921637,14.0
23060650020002,37.52143497617432,126.7428582530073,16.0
23060650020001,37.5203182796718,126.7535135060079,10.0
23060650020102,37.517790753988976,126.74006616355759,0.0
23060650020101,37.51762447614045,126.74115314004126,0.0
23060650020103,37.51783210997969,126.74308361346661,6.0
23060650020104,37.51724603892379,126.74209021220605,0.0
23060650020212,37.52028374083377,126.74337379528114,40.0
23060650020201,37.51738516001546,126.74421676398555,22.0
23060650020208,37.52333091182447,126.74230657038916,42.0
23060650020209,37.52241630379409,126.74180211633586,42.0
23060650020211,37.52114190468137,126.74440009048635,38.0
23060650020202,37.51806791887263,126.74597646922267,21.0
23060650020203,37.52030267760443,126.74461789725014,24.0
23060650020210,37.517256502846664,126.7463629826378,15.0
23060650020206,37.52072548409129,126.74375914427951,29.0
23060650020207,37.52330230658483,126.74118868533044,48.0
23060650020204,37.5172890779735,126.7454484307289,20.0
23060650020205,37.521713126809715,126.74445117155095,28.0
23060650020301,37.52038298897604,126.74172285173918,21.0
23060650020303,37.52111587409315,126.74155037318883,40.0
23060650020302,37.521694162045684,126.74160348423403,14.0
23060650020401,37.52273678977246,126.74541247211745,27.0
23060650020405,37.522311182873906,126.74450151273416,40.0
23060650020403,37.52335407698303,126.74455109555745,26.0
23060650020404,37.522325370712686,126.74611411310374,26.0
23060650020402,37.52345654642112,126.74603106153985,29.0
23060650020501,37.518592395643864,126.7441320366434,54.0
23060650020503,37.519058834591036,126.74325332715001,28.0
23060650020502,37.51925813745953,126.74414975533436,47.0
23060650020601,37.519551069718,126.74740025731336,14.0
23060650020603,37.51967385298116,126.74848875481985,7.0
23060650020604,37.51888660242997,126.74883028380935,19.0
23060650020602,37.51871935886068,126.7476848839704,0.0
23060650020702,37.51701734317576,126.7477993575169,38.0
23060650020701,37.51791334872983,126.74789898950156,40.0
23060660010002,37.48773549149495,126.73272451874143,10.0
23060660010001,37.48666350485735,126.7415694238973,24.0
23060660010010,37.48761209071931,126.73862026030707,27.0
23060660010009,37.487239941271504,126.73645607116072,12.0
23060660010008,37.48802761073806,126.73907720209668,33.0
23060660010007,37.488202516403994,126.73571372502764,6.0
23060660010006,37.48802442131883,126.7348314014352,7.0
23060660010005,37.48686917495504,126.73961146527522,18.0
23060660010004,37.48825317989306,126.73687870811075,29.0
23060660010003,37.488100555413915,126.73707741820192,10.0
23060660010101,37.48755486604166,126.74126884747064,8.0
23060660010201,37.487546056488775,126.74206588971654,26.0
23060660020006,37.48049004922801,126.73338755902132,12.0
23060660020001,37.48496141510682,126.73443362137765,9.0
23060660020005,37.48434154686455,126.7312102364706,0.0
23060660020003,37.48634475610583,126.73239951918406,20.0
23060660020004,37.48477391852104,126.73308320038589,18.0
23060660020002,37.48615525563404,126.73316678088666,14.0
23060660020102,37.486010740522445,126.73428710483974,46.0
23060660020101,37.48548141853015,126.73388318729947,47.0
23060660020203,37.48348311398984,126.73156077821757,24.0
23060660020202,37.48384423985833,126.73096797052409,30.0
23060660020201,37.48433214949029,126.73226262050233,29.0
23060660020301,37.48399630610732,126.733811844898,0.0
23060660020401,37.48286241511386,126.73342380528217,28.0
23060660030010,37.48407440377877,126.74008734903504,5.0
23060660030002,37.48592814548963,126.73574990716848,13.0
23060660030005,37.48273717687069,126.73720893693829,5.0
23060660030004,37.48619906207049,126.73726143397322,19.0
23060660030007,37.485717823281185,126.73979092760713,12.0
23060660030006,37.48346709831469,126.73909249139196,27.0
23060660030009,37.48464732961552,126.74113999400178,13.0
23060660030008,37.48509986269177,126.73956599069324,24.0
23060660030003,37.48481754363958,126.73697482958156,26.0
23060660030001,37.48379261391127,126.73736914319005,14.0
23060670010005,37.492391015261184,126.7376779182571,7.0
23060670010004,37.49458009615251,126.74125049724658,0.0
23060670010014,37.497229030938186,126.73462465000875,29.0
23060670010001,37.4900418450702,126.73825514970375,14.0
23060670010011,37.49389226208572,126.73408505781116,0.0
23060670010016,37.49416188163821,126.74007888894502,19.0
23060670010009,37.49463242216045,126.7386991794871,6.0
23060670010012,37.495721013550245,126.73438364181168,16.0
23060670010003,37.49287557799425,126.74142383755351,14.0
23060670010013,37.489311041437176,126.733637756458,53.0
23060670010006,37.49157371718102,126.74167766678336,19.0
23060670010010,37.49015316430307,126.73413468511615,11.0
23060670010015,37.49618036833088,126.73499691824335,0.0
23060670010008,37.496349108066944,126.73977263446216,20.0
23060670010002,37.495065966333534,126.7341578730469,8.0
23060670010007,37.49433736278878,126.7364219406123,0.0
23060670010102,37.49023910414614,126.7368370418763,48.0
23060670010103,37.48938289071539,126.7367420479216,47.0
23060670010104,37.49062212735947,126.73836267969817,48.0
23060670010105,37.48994983454901,126.73830361599666,33.0
23060670010106,37.48927907254395,126.73823845225587,43.0
23060670010101,37.49138536471901,126.73836858849474,30.0
23060670010201,37.49564083451495,126.73620102217605,40.0
23060670010202,37.49670057372479,126.73629753258263,49.0
23060670010203,37.49734911038929,126.7363617862266,18.0
23060670010204,37.49616258384068,126.73625655088496,59.0
23060670010205,37.49512571516641,126.73616240554982,44.0
23060670010206,37.494586927555176,126.73610909925706,28.0
23060670010303,37.49625654697298,126.73798286085676,12.0
23060670010304,37.49561270271734,126.73745312689448,29.0
23060670010305,37.49571542461441,126.73916023233846,13.0
23060670010301,37.49662357902042,126.7386598963641,28.0
23060670010302,37.49633192189988,126.73930629656765,18.0
23060670010501,37.492917980730276,126.74015345771815,83.0
23060670010502,37.492232848657494,126.73976830781545,81.0
23060670010601,37.49646627532451,126.74164982471899,27.0
23060670010901,37.49003947279515,126.74149484850325,25.0
23060670010902,37.489634252278385,126.74130655676483,24.0
23060670010903,37.48914639412622,126.7407138930906,31.0
23060670010904,37.48904854996197,126.7418942441503,10.0
23060670011101,37.49068442842401,126.74141645971193,49.0
23060680010004,37.4999088574528,126.73464641253064,17.0
23060680010003,37.50145160549557,126.73648264238489,0.0
23060680010002,37.505035048310695,126.73282062200053,5.0
23060680010001,37.498782094263255,126.7359106534393,19.0
23060680010011,37.50372454893924,126.73960814038188,0.0
23060680010010,37.49789727131452,126.73875250829633,7.0
23060680010005,37.503161052911985,126.7346284082255,18.0
23060680010009,37.49971422848186,126.73535845518475,0.0
23060680010008,37.50411911461151,126.7361979329845,12.0
23060680010007,37.506034074228964,126.74041591635276,0.0
23060680010006,37.50107805522701,126.73472131919351,18.0
23060680010101,37.50499646880492,126.73369834732637,9.0
23060680010102,37.50645908850409,126.73384921899077,13.0
23060680010103,37.50571315881405,126.73376778768768,6.0
23060680010201,37.50628724991966,126.73488525951934,5.0
23060680010406,37.506276023118886,126.73805736094604,36.0
23060680010401,37.50584200086851,126.73704874394994,48.0
23060680010402,37.50437456532263,126.73855780990338,25.0
23060680010403,37.505526874343616,126.7375643756858,37.0
23060680010404,37.505163619639745,126.73818545757612,26.0
23060680010405,37.50513390278211,126.7393976280118,0.0
23060680010507,37.50151602075676,126.73899500571177,17.0
23060680010504,37.50269092372762,126.73947682055244,29.0
23060680010501,37.50346170917817,126.73737673801136,24.0
23060680010506,37.50194482543008,126.73914696249336,21.0
23060680010503,37.503167569508555,126.73846212475291,26.0
23060680010505,37.50238373747553,126.73841145354487,24.0
23060680010508,37.50095577798554,126.73893400168876,23.0
23060680010502,37.50139032370647,126.73793360388301,38.0
23060680010602,37.5048798627888,126.74163391265427,15.0
23060680010603,37.50426996145322,126.74058219498427,29.0
23060680010604,37.505407857328805,126.74052413761659,22.0
23060680010601,37.50535843000923,126.74164151659353,14.0
23060680010704,37.499231827244024,126.73779004314547,27.0
23060680010705,37.50012350082061,126.73891642292202,40.0
23060680010706,37.499353155062096,126.73882072006337,40.0
23060680010701,37.498642756428445,126.73889905988031,30.0
23060680010702,37.5000980378256,126.73785248004907,36.0
23060680010703,37.498590111019396,126.7377872673029,10.0
23060680010803,37.49891400979766,126.74035675544661,17.0
23060680010804,37.49997638646538,126.74004866522463,25.0
23060680010805,37.50018252101414,126.74157500500569,29.0
23060680010806,37.49854793412778,126.74185378926246,21.0
23060680010801,37.499688127027525,126.74086902825086,14.0
23060680010807,37.49962992249583,126.74208321383237,19.0
23060680010802,37.49917048678022,126.74266925911252,24.0
23060680010906,37.502950151294364,126.74113669248942,13.0
23060680010901,37.50317320737071,126.74198327807736,38.0
23060680010902,37.50229140781051,126.74179139456915,21.0
23060680010903,37.50118793470839,126.7402751545065,22.0
23060680010904,37.50260327240482,126.74030638101098,27.0
23060680011001,37.50641081307662,126.73225320625752,32.0
23060680011203,37.50583792074881,126.73596085802392,11.0
23060680011201,37.506401380441574,126.73600582686636,6.0
23060680011202,37.505101960795415,126.73584485059725,16.0
23060680011301,37.50516851727568,126.73478912288756,13.0
23060690010001,37.48567077905594,126.74484246229682,10.0
23060690020001,37.485014678435235,126.74365649364798,27.0
23060690020006,37.481483256048726,126.74169623583603,30.0
23060690020007,37.481114865227575,126.74684613380798,26.0
23060690020004,37.479278607875074,126.74820116116318,13.0
23060690020005,37.4843443127125,126.74556510094017,26.0
23060690020008,37.473298512203684,126.74430221976685,41.0
23060690020009,37.48272078400335,126.74694088008474,52.0
23060690020002,37.48354649823742,126.74241745398704,13.0
23060690020003,37.48056809816571,126.74667700608414,19.0
23060690020201,37.48302755961873,126.7407890108828,27.0
23060690020203,37.48213733871239,126.74266123187489,30.0
23060690020204,37.48247270930374,126.74110660916652,29.0
23060690020202,37.48247158371253,126.73968472647202,28.0
23060690020303,37.48280269528151,126.7444592937733,23.0
23060690020304,37.48222747467181,126.74407104462837,33.0
23060690020302,37.48365564992727,126.74432867646924,42.0
23060690020301,37.48324281256387,126.74367432109908,28.0
23060690020603,37.477402612589266,126.75010562067732,55.0
23060690020604,37.47657235861625,126.7491355598869,30.0
23060690020602,37.47734930896701,126.74871607642002,44.0
23060690020601,37.476159116753294,126.74964064898603,30.0
23060690030001,37.47569791037999,126.75723076390213,6.0
23060700010001,37.48216067080765,126.69540828399147,23.0
23060700020001,37.47169365057363,126.69221237239454,17.0
23060700020002,37.47428573601475,126.68951880277275,15.0
23060700030005,37.47461553357238,126.69715364644354,28.0
23060700030010,37.47231864765685,126.69447170483622,5.0
23060700030003,37.4734095362252,126.69411893851137,14.0
23060700030013,37.47280918286139,126.69337986883,14.0
23060700030009,37.47531611603328,126.69532940217744,10.0
23060700030006,37.47998136999903,126.69916347178,0.0
23060700030001,37.47420945322284,126.6948802994299,25.0
23060700030011,37.475140602871434,126.69424917365734,24.0
23060700030004,37.48172458076881,126.70198401082845,13.0
23060700030007,37.47388760535811,126.69593972626555,24.0
23060700030002,37.480398224870974,126.70162611572512,17.0
23060700030012,37.475493663944015,126.69341173988967,7.0
23060700030008,37.472318037566644,126.69503607376744,7.0
23060700030101,37.478469630769965,126.69556772517129,18.0
23060700030201,37.481210741156936,126.7019126447039,5.0
23060700030402,37.47873001700083,126.70046724486596,81.0
23060700030401,37.47861489250966,126.69968836980414,74.0
23060700030503,37.4793049464957,126.70147770014232,36.0
23060700030502,37.48025694183248,126.70344731324143,37.0
23060700030501,37.47989771089837,126.70230857714101,30.0
23060700030504,37.47898927838882,126.70229005750761,32.0
23060700030623,37.478071394305886,126.69908047165357,43.0
23060700030607,37.47710087686078,126.69904659911175,67.0
23060700030617,37.47644085286701,126.69658679415251,57.0
23060700030613,37.474453430564964,126.69960861199603,45.0
23060700030602,37.47705749850256,126.69674334651131,66.0
23060700030624,37.47723114682948,126.69441094411327,33.0
23060700030620,37.47466036962234,126.69885145527034,34.0
23060700030604,37.477377393318605,126.6956820502887,46.0
23060700030614,37.47661423562813,126.69935866830417,83.0
23060700030610,37.47823641716782,126.69736240918732,22.0
23060700030608,37.476231864171154,126.69796003512855,77.0
23060700030618,37.47685618169468,126.69785173706371,61.0
23060700030601,37.47784710870354,126.69790895597886,47.0
23060700030621,37.4764283403094,126.7001880402668,35.0
23060700030605,37.47793316023962,126.69542689601629,40.0
23060700030615,37.476810864549776,126.69556429272416,47.0
23060700030611,37.47605385528854,126.69908733335642,47.0
23060700030609,37.47543438249783,126.69937364422834,59.0
23060700030619,37.4760760456862,126.69702230044412,29.0
23060700030616,37.47565515013228,126.69777809260376,39.0
23060700030622,37.475222847439845,126.69825433641093,22.0
23060700030606,37.477545483148575,126.69671226276314,43.0
23060700030603,37.477370726885866,126.69793443983126,65.0
23060700030612,37.47766111099425,126.70095017617716,75.0
23060700030702,37.47878352681764,126.69661801872654,16.0
23060700030701,37.47930025760878,126.69739626654042,30.0
23060700030901,37.480977366135164,126.70283823468871,18.0
23060710010002,37.469093722351886,126.6967802488502,31.0
23060710010001,37.470046392269595,126.69461951032898,24.0
23060710020012,37.47360133597904,126.70124543016773,28.0
23060710020004,37.469179472660116,126.69972793055139,32.0
23060710020014,37.47119352345609,126.69813152724856,21.0
23060710020020,37.47609713374767,126.70176300994044,36.0
23060710020010,37.47127400215622,126.69929833534589,22.0
23060710020005,37.47455476784515,126.70087351142175,22.0
23060710020015,37.47175299159241,126.69710879912759,26.0
23060710020021,37.4705262163316,126.69989685218597,12.0
23060710020001,37.470386342705446,126.70199709066694,7.0
23060710020008,37.47338615320154,126.70201041313473,29.0
23060710020018,37.472783211911924,126.69899998916031,24.0
23060710020006,37.47009095508671,126.69770662161386,24.0
23060710020016,37.47105556546037,126.6962645730529,31.0
23060710020002,37.47132816249513,126.70244929538575,29.0
23060710020009,37.47097062758842,126.69607418511454,22.0
23060710020019,37.47584334027124,126.70088895164542,28.0
23060710020007,37.472501402973236,126.70111008627394,15.0
23060710020017,37.4737749520081,126.70259609414728,22.0
23060710020011,37.47298477620813,126.69746689069926,28.0
23060710020003,37.47069399193786,126.7009788381101,19.0
23060710020013,37.4768314507601,126.70253874295307,19.0
23060710030012,37.47140162409634,126.70591584515911,20.0
23060710030008,37.470207204056365,126.70677090983642,32.0
23060710030005,37.47137818070852,126.70745329244471,18.0
23060710030015,37.473883321476976,126.70811890549453,17.0
23060710030010,37.470636606733095,126.7032869818489,16.0
23060710030003,37.47362370815672,126.70402948639676,20.0
23060710030013,37.47001358773532,126.70385614482453,11.0
23060710030009,37.473403175403305,126.70699223396653,15.0
23060710030006,37.473230087224266,126.70852361796251,21.0
23060710030001,37.47485892769057,126.70559551648668,19.0
23060710030011,37.470126043044026,126.70560924134814,23.0
23060710030004,37.4763046402822,126.70371296324979,21.0
23060710030014,37.47736118611066,126.70635755348782,5.0
23060710030016,37.469626929607465,126.70456572216476,11.0
23060710030007,37.47280792079832,126.70548801528565,13.0
23060710030002,37.4715568138255,126.70455388535349,25.0
23060710030204,37.475609600835135,126.70440503301738,22.0
23060710030205,37.476939517769694,126.70484737117474,25.0
23060710030206,37.477908685282166,126.7038237537025,19.0
23060710030207,37.477725348977486,126.7046175844412,46.0
23060710030208,37.47722590759308,126.70377429567858,25.0
23060710030209,37.47602100961096,126.70405742364731,42.0
23060710030201,37.478726235404096,126.70445102248685,38.0
23060710030202,37.47671855443922,126.70412029195643,35.0
23060710030203,37.47832757776471,126.7042369059188,28.0
23060720010001,37.51373362305486,126.74278036050674,0.0
23060720010103,37.511602607640974,126.7430881617813,9.0
23060720010104,37.51097780816063,126.74334753707939,7.0
23060720010102,37.510460719856084,126.74204021635039,14.0
23060720010107,37.51223390323939,126.74331883274641,0.0
23060720010106,37.511079562886664,126.74164462808407,5.0
23060720010101,37.511940208036094,126.74169973803998,0.0
23060720010105,37.50986042141756,126.74233232844475,0.0
23060720020001,37.51612765253075,126.73415757044874,29.0
23060720020103,37.515319111698645,126.73841761210264,26.0
23060720020102,37.51610255785204,126.73737983536662,26.0
23060720020101,37.5164523786003,126.73873710699263,34.0
23060720020110,37.514467545045314,126.73648275876978,28.0
23060720020109,37.51463655157322,126.73568209757647,29.0
23060720020108,37.51386882568845,126.73752015504657,39.0
23060720020107,37.514985558065604,126.73737462969615,41.0
23060720020106,37.51551398293257,126.73613385120572,31.0
23060720020105,37.513920420777396,126.73865481050225,37.0
23060720020104,37.51681462546312,126.73746695487763,48.0
23060720030001,37.515992074732544,126.74454700969443,0.0
23060720030104,37.51421431708072,126.73993076200306,17.0
23060720030103,37.51510042542622,126.74050263526036,21.0
23060720030102,37.515578466145556,126.74248628845645,23.0
23060720030101,37.51647814844747,126.74261374708327,25.0
23060720030106,37.51661612154123,126.74043133872483,42.0
23060720030105,37.51593022846017,126.7404169825243,23.0
23060720040001,37.51568636476917,126.74887845690199,15.0
23060720050001,37.507998859409454,126.73454333465362,0.0
23060720050003,37.51182215167173,126.73729936109957,0.0
23060720050002,37.50771909929508,126.73809482618195,29.0
23060720050103,37.5119667763868,126.74002391749015,34.0
23060720050102,37.51161381386505,126.73889476104567,32.0
23060720050105,37.51111798403996,126.73812423936876,38.0
23060720050104,37.51061908229396,126.74045301297872,22.0
23060720050101,37.510364233072586,126.73914616160931,21.0
23060720050205,37.50956086668504,126.73358920786805,28.0
23060720050207,37.509734797789974,126.73825708788937,36.0
23060720050208,37.50981212411824,126.73421944747109,28.0
23060720050202,37.50984777044946,126.73622219453148,49.0
23060720050212,37.5089529951912,126.73536870803636,20.0
23060720050201,37.51079744425631,126.73517139113285,43.0
23060720050204,37.509228006020074,126.73728463172684,54.0
23060720050209,37.5090981249723,126.7392659586041,33.0
23060720050210,37.51000754508681,126.73532398330968,40.0
23060720050203,37.50979832952641,126.73251564559573,38.0
23060720050206,37.50905647669228,126.73253467877436,31.0
23060720050211,37.508758171426656,126.73804398177705,33.0
23060720060001,37.51087853073776,126.73295766872062,0.0
23060720060102,37.51311453120889,126.73397203296412,27.0
23060720060107,37.5144426910035,126.7328987283922,44.0
23060720060104,37.51407219764653,126.7343320749892,34.0
23060720060101,37.51202468587822,126.73244071807603,34.0
23060720060109,37.51177592806226,126.73416441019556,38.0
23060720060106,37.5121350328365,126.7335169049709,37.0
23060720060103,37.51316454614712,126.73329222787976,34.0
23060720060108,37.5133790417927,126.73255511657877,41.0
23060720060105,37.51302175758609,126.73586448447432,32.0
23070510010001,37.528545910226796,126.70401004562606,0.0
23070510020010,37.53721886580363,126.71207744573972,7.0
23070510020002,37.53432327462827,126.70854522730436,12.0
23070510020005,37.53297593085583,126.7081620286228,0.0
23070510020004,37.53250951234198,126.71060091747798,17.0
23070510020007,37.53151558576805,126.71382032110996,8.0
23070510020006,37.53120746127934,126.71669188959402,14.0
23070510020003,37.53434246291579,126.71185985349165,5.0
23070510020009,37.53557393931342,126.70334500372782,11.0
23070510020008,37.53197432311813,126.70737674615548,9.0
23070510020001,37.53299420743497,126.71669144831516,8.0
23070510020101,37.531433875317454,126.71691417767725,17.0
23070510020202,37.53270480506079,126.71141729331242,0.0
23070510020201,37.53349891734068,126.7112245140974,0.0
23070510020301,37.5354333911218,126.71041431565264,19.0
23070510020302,37.534865905274906,126.70998427355589,32.0
23070510020703,37.53266575906765,126.71268057463412,10.0
23070510020706,37.53323630861559,126.7126202922409,16.0
23070510020701,37.533404649719216,126.71379363627932,21.0
23070510020704,37.532797603560724,126.71383672473743,8.0
23070510020705,37.532684176563905,126.71492894072212,22.0
23070510020702,37.53325687554525,126.71492368036333,20.0
23070510020802,37.534441859837635,126.71421014929382,25.0
23070510020801,37.534041000014334,126.71379019991873,13.0
23070510020901,37.534341139715124,126.7063271294466,11.0
23070510021101,37.531028012865434,126.70976964064751,18.0
23070510021102,37.531771107904945,126.70939229845976,17.0
23070510021201,37.53478878428659,126.71223697034453,24.0
23070510021202,37.53539388411253,126.71232522805924,17.0
23070510021301,37.534965098337764,126.71314136410784,68.0
23070510021401,37.53711826559616,126.70952180554798,5.0
23070510021402,37.53598703737611,126.7096128796799,10.0
23070510021502,37.536723163961724,126.70872898083682,25.0
23070510021503,37.53705846282082,126.70832961900018,5.0
23070510021501,37.5352289966287,126.70851273863444,32.0
23070510021504,37.53622851815643,126.7086695735284,25.0
23070510021505,37.53599358982829,126.70829934156299,33.0
23070510030005,37.529654753592034,126.70920841882995,9.0
23070510030003,37.52966456839068,126.70671592640359,7.0
23070510030004,37.528938461506485,126.71672304011399,5.0
23070510030002,37.52921322466653,126.70780257086956,0.0
23070510030007,37.528545718324764,126.71014949990669,9.0
23070510030006,37.52944736439545,126.71148948868064,21.0
23070510030001,37.52835230431716,126.7066444838925,17.0
23070510030101,37.529948081980386,126.71015274263628,56.0
23070510030301,37.5283103409481,126.70859992042261,12.0
23070510030401,37.5298772323112,126.7129656949182,49.0
23070510030404,37.52988841350282,126.71471781845041,31.0
23070510030403,37.52987508533901,126.71376885960093,64.0
23070510030406,37.52862445789432,126.71223223190037,55.0
23070510030408,37.52866658854753,126.71447100831057,77.0
23070510030405,37.52832637559906,126.71370304397506,62.0
23070510030407,37.52840890010766,126.71298671927799,49.0
23070510030402,37.52904926865834,126.71303020807647,66.0
23070510030409,37.52905187720648,126.71377216398918,79.0
23070510030501,37.52975473810142,126.71772073417135,5.0
23070510030601,37.529470318844,126.71639556937436,23.0
23070510030602,37.53011555311431,126.71615428113444,25.0
23070520010003,37.52664245561517,126.70015756409161,23.0
23070520010006,37.527491103323705,126.70433626940132,5.0
23070520010001,37.524406466896195,126.69454087618777,32.0
23070520010004,37.5248600329343,126.70082379179205,16.0
23070520010007,37.52757948158319,126.70178230404109,10.0
23070520010002,37.52521288397545,126.70373892515418,0.0
23070520010008,37.524020055044794,126.6979631987575,14.0
23070520010005,37.52597547573419,126.69996544535088,10.0
23070520010102,37.525542325722846,126.69872040694904,17.0
23070520010101,37.525954675326815,126.69823752764044,28.0
23070520020001,37.532494657773576,126.69277226024435,16.0
23070520020201,37.5277885742849,126.69772041766757,15.0
23070520020301,37.52858050623893,126.6997736530948,18.0
23070520020302,37.529309092435064,126.6989150154543,0.0
23070520020402,37.52846263358701,126.70115991820836,13.0
23070520020403,37.528779310335196,126.70072937135674,20.0
23070520020401,37.52937128684981,126.70050004461739,31.0
23070520020501,37.53058705504215,126.69963180017788,30.0
23070520020504,37.53112397964654,126.7011394452577,27.0
23070520020505,37.53132958933645,126.70026029739078,25.0
23070520020502,37.53059738828319,126.70067601420907,24.0
23070520020503,37.53017491465021,126.70070270510692,8.0
23070520020506,37.53181948972441,126.7006847505222,22.0
23070520030001,37.52435861015573,126.70656613122337,5.0
23070520030011,37.52611320587381,126.71598040274986,0.0
23070520030007,37.52473962107416,126.71813205915933,28.0
23070520030004,37.52662552700737,126.7088874912691,27.0
23070520030005,37.52576681038799,126.71090842005256,12.0
23070520030008,37.52510340967089,126.71447340454519,24.0
23070520030009,37.52730738570103,126.71836155931109,28.0
23070520030010,37.52646454791803,126.70633066195398,11.0
23070520030006,37.52747274056145,126.71352237927762,11.0
23070520030002,37.52635475233558,126.71197240391967,6.0
23070520030003,37.52435717924372,126.71026440361366,0.0
23070520030102,37.52518130738527,126.71587652438109,21.0
23070520030101,37.52455792043784,126.71709468198053,20.0
23070520030103,37.524090667631675,126.71708282525442,23.0
23070520030301,37.52762856496891,126.7170716211503,7.0
23070520030403,37.52584906660462,126.71430621574068,34.0
23070520030402,37.52587150333863,126.71512227427267,21.0
23070520030401,37.52653277724486,126.71441246003548,29.0
23070520030501,37.52725518096692,126.71311419578747,24.0
23070520030705,37.52580706622548,126.71744474825508,35.0
23070520030703,37.52652684701287,126.7172817676865,19.0
23070520030704,37.52655278941473,126.71844779030906,24.0
23070520030702,37.52585543392771,126.71865700832062,41.0
23070520030701,37.525848425999136,126.71672558165672,26.0
23070520030801,37.52636606346073,126.71322159305902,32.0
23070520031002,37.52499234998988,126.71200024204705,8.0
23070520031001,37.52498713265609,126.71298120221945,24.0
23070520031103,37.52407147809851,126.71476956011668,34.0
23070520031102,37.524301342595,126.71550875432837,27.0
23070520031101,37.524232685598896,126.71392153718372,39.0
23070520031201,37.526950164061994,126.716019295747,21.0
23070520031202,37.52754238988597,126.71605506855505,26.0
23070530010007,37.540287042784854,126.71773286059174,0.0
23070530010002,37.54049323678883,126.72051485746817,11.0
23070530010012,37.53915414715753,126.71913888669278,6.0
23070530010008,37.53903575836423,126.72061748866152,0.0
23070530010005,37.537747845838695,126.72077504519547,8.0
23070530010010,37.53723717749808,126.71981841647262,6.0
23070530010003,37.541229480054035,126.71271570849017,0.0
23070530010013,37.54179903315294,126.72167358004705,25.0
23070530010009,37.540486944850535,126.71944148061225,9.0
23070530010006,37.5428773428637,126.71826793153116,7.0
23070530010001,37.54044160064511,126.72190103366103,7.0
23070530010011,37.536980853445996,126.72127174673358,8.0
23070530010004,37.54206593984796,126.71992253632023,15.0
23070530010014,37.53769735603165,126.72190845328079,7.0
23070530010101,37.54285304684442,126.72114940521652,18.0
23070530010103,37.54306183310642,126.72212437859845,26.0
23070530010102,37.54349520438246,126.72145814642579,15.0
23070530010201,37.54222568083882,126.71791615880814,13.0
23070530020012,37.536890320241824,126.72400658028326,0.0
23070530020008,37.5401206505001,126.7245302255813,5.0
23070530020014,37.536757903574,126.72701020208132,6.0
23070530020007,37.54078322178591,126.72783064780657,10.0
23070530020010,37.54172857256225,126.72673746993769,14.0
23070530020005,37.54219129948879,126.72742672508065,7.0
23070530020006,37.54183211300396,126.72508345832078,0.0
23070530020003,37.54090687463017,126.72308195377988,5.0
23070530020013,37.53742613351828,126.7264055671224,0.0
23070530020009,37.538354983520605,126.72718093351358,18.0
23070530020004,37.54313790189904,126.72539574114717,14.0
23070530020001,37.54089672260248,126.72395828084912,15.0
23070530020011,37.53813436813279,126.72415729039014,6.0
23070530020002,37.53935333345867,126.72588206953891,12.0
23070530020101,37.539361842745976,126.72769567960299,15.0
23070530020102,37.54000050001093,126.72718124050472,0.0
23070530020201,37.54099874932217,126.72684196080705,15.0
23070530020301,37.5423251248874,126.72533053158745,13.0
23070530020401,37.540786793486696,126.72566954933129,15.0
23070530020402,37.54031683546754,126.72638402019714,19.0
23070540010023,37.54708940571455,126.72909904580548,26.0
23070540010007,37.54519961132084,126.72210456806388,17.0
23070540010017,37.54466492445091,126.71912897883924,14.0
23070540010013,37.54382147023444,126.73048668699853,0.0
23070540010020,37.54423469910077,126.7270489052876,0.0
23070540010004,37.544819380181465,126.72046926636988,8.0
23070540010014,37.54650593643502,126.72769936927679,6.0
23070540010010,37.54580338806761,126.72044981831348,21.0
23070540010008,37.54630105196843,126.7269042797334,19.0
23070540010018,37.54573589354213,126.72623005727094,5.0
23070540010021,37.54404871605267,126.73233157426853,43.0
23070540010005,37.54804703371106,126.71385523739929,0.0
23070540010015,37.54608010974077,126.71955379527286,5.0
23070540010011,37.549455531541646,126.72153797006152,5.0
23070540010009,37.544189234836374,126.72127898283327,0.0
23070540010019,37.54650332980964,126.72125122794337,16.0
23070540010001,37.544740614768195,126.72645288210447,6.0
23070540010022,37.54498755686624,126.72907910562218,15.0
23070540010006,37.54708369407501,126.72558759403793,6.0
23070540010016,37.54431602438167,126.72357753357072,5.0
23070540010002,37.544534620830206,126.72500944294538,6.0
23070540010012,37.54814883120803,126.72265271782645,13.0
23070540010003,37.54529007532722,126.7310146871168,14.0
23070540010301,37.544963346947235,126.72401624477229,18.0
23070540010302,37.54591169483779,126.72224982976343,0.0
23070540010901,37.54408437097415,126.72245175018337,10.0
23070540011102,37.546496885025796,126.72247662745578,35.0
23070540011101,37.54716765463083,126.72261279055893,32.0
23070540011302,37.54653055479816,126.72417998485084,0.0
23070540011301,37.5471083902704,126.72410799957873,6.0
23070540011303,37.54579586552169,126.72407282803331,18.0
23070550010003,37.537891144460175,126.7339373935469,0.0
23070550010002,37.53595003437672,126.73263091794588,7.0
23070550010001,37.53660230816828,126.7292532049056,27.0
23070550010201,37.53739045446921,126.73007523876225,12.0
23070550010202,37.537476234132036,126.73118350947006,15.0
23070550010303,37.53673861757137,126.731418345319,32.0
23070550010302,37.53693123159485,126.73376409889866,22.0
23070550010301,37.5373942222719,126.7332743982056,29.0
23070550010305,37.53725541995139,126.7322186836019,12.0
23070550010304,37.53786521490059,126.73232067981651,19.0
23070550020003,37.53884576294155,126.72843587301946,0.0
23070550020005,37.540127223146854,126.73010092311424,0.0
23070550020007,37.53953071552028,126.7294660468138,16.0
23070550020006,37.53847348487883,126.73043104322173,0.0
23070550020301,37.54242328571656,126.72914480948,18.0
23070550020302,37.54183515953808,126.72896104007452,13.0
23070550020402,37.541467238718404,126.73130124073727,0.0
23070550020403,37.54172652628341,126.73025127085499,8.0
23070550020401,37.542342952348086,126.73077994449898,6.0
23070550020501,37.54121973250234,126.73486466622316,23.0
23070550020502,37.540816093678934,126.7341133203931,22.0
23070550020503,37.54224691006454,126.73524558360376,31.0
23070550020602,37.54149471492065,126.73291199364458,15.0
23070550020601,37.542053827058695,126.73348445030567,14.0
23070550020701,37.53984058276765,126.73360983195697,0.0
23070550020801,37.538569929847135,126.72935316809085,8.0
23070550020802,37.53901610498167,126.72952042944215,21.0
23070550020902,37.54032481783492,126.73102202451531,0.0
23070550020901,37.53988631145431,126.7314822497731,21.0
23070550021001,37.53895335207844,126.73199904444698,9.0
23070550021002,37.53888020680384,126.73255354496794,11.0
23070550021102,37.53879106365372,126.73355467947664,12.0
23070550021101,37.53909709278342,126.73299793030483,7.0
23070560010005,37.53317469378936,126.73351315350578,5.0
23070560010004,37.530970826158,126.7293588243888,18.0
23070560010003,37.53245022423275,126.72972494177704,37.0
23070560010002,37.53503893944285,126.7292431445594,11.0
23070560010007,37.53393345857109,126.7321876492307,12.0
23070560010001,37.534260449661936,126.73054127858263,5.0
23070560010006,37.53403934693506,126.72891345625668,0.0
23070560010302,37.53586057830254,126.72896433339804,0.0
23070560010301,37.53498536266272,126.7301069777542,0.0
23070560010402,37.53209067942149,126.73261342401649,15.0
23070560010401,37.531506532309024,126.7331163211895,29.0
23070560010403,37.53079896806237,126.73277249033075,20.0
23070560010501,37.53183064666922,126.73145790156227,24.0
23070560010701,37.53289882465319,126.73182539469462,13.0
23070560010802,37.53470731104661,126.73368021924833,23.0
23070560010801,37.53513512525109,126.73273146749105,21.0
23070560011101,37.534781534758515,126.73159544233417,11.0
23070560011203,37.53374128067633,126.73152006334522,18.0
23070560011202,37.53408159128407,126.73105661599979,25.0
23070560011201,37.53334141471239,126.73218665539807,8.0
23070560011401,37.534465710309696,126.73251249294141,18.0
23070560020010,37.52933391898987,126.73053322370997,24.0
23070560020001,37.52957031842851,126.72603182760079,8.0
23070560020003,37.52892115896653,126.73042639715392,5.0
23070560020002,37.52563533170213,126.72626900741587,5.0
23070560020005,37.52795781409521,126.72647665940467,5.0
23070560020004,37.529502778468,126.72873635843683,13.0
23070560020007,37.52961429469408,126.72745856130366,15.0
23070560020006,37.528597455648445,126.72587848567024,12.0
23070560020009,37.52545146071298,126.73105917549415,42.0
23070560020008,37.528220526918254,126.72874390525071,20.0
23070560020101,37.52425419419583,126.7290590374693,45.0
23070560020104,37.52507468237254,126.72910553021882,29.0
23070560020102,37.524189300977596,126.72727991579286,46.0
23070560020103,37.525070656065935,126.72806170848644,32.0
23070560020201,37.52743593545444,126.7278703286182,22.0
23070560020302,37.52720270544238,126.73141113655176,18.0
23070560020303,37.527827451147836,126.73221680524821,21.0
23070560020301,37.527348498816835,126.73263818893925,14.0
23070560020401,37.52722888651455,126.72572344897304,65.0
23070560020901,37.5298493587112,126.73135151503534,20.0
23070560021002,37.52998855111115,126.7323075817754,18.0
23070560021001,37.529359728007364,126.73261870278068,6.0
23070560021101,37.52854101650264,126.73256809098909,13.0
23070560021301,37.52648937542562,126.732505394446,26.0
23070560021302,37.52625677953632,126.73146447028424,33.0
23070560021303,37.52573233563927,126.73239328644014,9.0
23070560021401,37.52726760766739,126.72910358807206,43.0
23070560021505,37.52640290677604,126.72721509782056,14.0
23070560021502,37.52639799731524,126.7285323956039,59.0
23070560021503,37.52719283950274,126.7266291338119,23.0
23070560021506,37.52569526254311,126.72827367659372,7.0
23070560021501,37.52572749749886,126.72712799819038,21.0
23070560021504,37.525858130083996,126.72932612046186,37.0
23070560021701,37.529798176539785,126.73070932146923,20.0
23070570010001,37.528865103328755,126.72331487928366,13.0
23070570010003,37.525143897419866,126.72382293849745,33.0
23070570010002,37.528973194183806,126.72466479262883,0.0
23070570010202,37.52574820817274,126.72480200852766,36.0
23070570010201,37.52631354168289,126.72457610706806,51.0
23070570010303,37.52736496366601,126.72420577489609,20.0
23070570010302,37.52782796537953,126.72425596122514,12.0
23070570010301,37.527043060971664,126.72445514929436,11.0
23070570020001,37.53547242429475,126.72196206002256,0.0
23070570020004,37.53556313645003,126.72051589822048,8.0
23070570020005,37.53360595444688,126.72214137894171,14.0
23070570020002,37.53149086561197,126.72182693904213,0.0
23070570020003,37.534008311380276,126.71992170946663,8.0
23070570020101,37.534812522285726,126.72132661439977,0.0
23070570020405,37.53276114170265,126.71901010163909,68.0
23070570020406,37.531957958766945,126.71953994794464,78.0
23070570020403,37.533107177710704,126.71975318811022,36.0
23070570020409,37.531979475285105,126.72052439127758,96.0
23070570020404,37.530905127606815,126.71958499882372,87.0
23070570020401,37.53098492752233,126.71811644976874,38.0
23070570020411,37.53191585445944,126.71877114064294,54.0
23070570020402,37.53090908686931,126.72054255307822,94.0
23070570020412,37.53193382804591,126.71800733551322,35.0
23070570020408,37.53341466963073,126.71825689272542,45.0
23070570020407,37.5308802202622,126.71879816552656,61.0
23070570020410,37.53273139561572,126.71797057259515,42.0
23070570030005,37.53525577748379,126.72483641979716,0.0
23070570030010,37.53440918982255,126.72724232662726,29.0
23070570030007,37.532479333515646,126.72614222522614,12.0
23070570030002,37.533926001944636,126.72551343268073,8.0
23070570030009,37.531943177950005,126.72541277775807,0.0
23070570030001,37.531986576238815,126.72415203094437,5.0
23070570030011,37.533542522641376,126.72658607722981,13.0
23070570030004,37.53587428412311,126.72581672352838,20.0
23070570030003,37.535278950896796,126.72326965768714,0.0
23070570030013,37.53165653269899,126.72762713596256,0.0
23070570030012,37.53544746630723,126.72738401784804,0.0
23070570030006,37.53380344827342,126.72471722381881,0.0
23070570030008,37.531945091376194,126.72371125231679,10.0
23070570030101,37.531162224367804,126.72363204772253,20.0
23070570030301,37.53594795932497,126.7238032295344,21.0
23070570030401,37.53566890673575,126.72670855161184,12.0
23070570030501,37.53483433215889,126.7264402730591,23.0
23070570030601,37.533997213711466,126.72363164678003,28.0
23070570030801,37.53138618993944,126.72643661413446,27.0
23070570030802,37.531097820282035,126.72719664372303,17.0
23070570031101,37.53323700224732,126.72737429963156,23.0
23070570031102,37.53248008829705,126.72743006766632,21.0
23070570040001,37.52735100154628,126.72072903082743,42.0
23070570040201,37.52731797086423,126.72010925412907,53.0
23070580010106,37.531877537018346,126.73885996373104,20.0
23070580010105,37.53103101948041,126.73896315604728,31.0
23070580010104,37.53349113694191,126.7390543916388,22.0
23070580010103,37.531938246184545,126.73969900819371,43.0
23070580010102,37.532663571142436,126.73894163375269,27.0
23070580010101,37.533114495683066,126.73982844178275,28.0
23070580010202,37.532536223481024,126.74065036073921,25.0
23070580010201,37.53325547418837,126.74072636193664,41.0
23070580010204,37.531065040777534,126.74049635468572,31.0
23070580010203,37.53192003460634,126.74059932240344,28.0
23070580010304,37.53234554263827,126.74218376586253,28.0
23070580010303,37.53134248750019,126.74149388995808,9.0
23070580010302,37.53313282078392,126.741845449378,29.0
23070580010301,37.53310258307473,126.74276191253473,31.0
23070580010305,37.53132292537214,126.74230324912344,44.0
23070580020001,37.5321820040061,126.7361017627928,0.0
23070580030002,37.531993122422364,126.75359699278724,24.0
23070580030001,37.53662134074645,126.74739409508254,16.0
23070580030003,37.53613255540989,126.74488068346625,29.0
23070580030102,37.53749843349936,126.74653239366087,22.0
23070580030101,37.537779824393176,126.7454065606319,7.0
23070580040001,37.5270252045102,126.74728396963953,0.0
23070580040109,37.52891373570909,126.74467959925761,67.0
23070580040106,37.5285481428749,126.7464722369305,60.0
23070580040103,37.52812036218719,126.74575633750824,26.0
23070580040108,37.528144307823396,126.74504750323595,28.0
23070580040105,37.52891921035871,126.74584844910058,43.0
23070580040102,37.52825947325064,126.74421263182094,53.0
23070580040107,37.52856045146469,126.74725365455566,75.0
23070580040104,37.52971911620666,126.74430353699144,67.0
23070580040101,37.529654339054154,126.74523432447931,51.0
23070580040201,37.52868432116255,126.74290508771523,40.0
23070580040202,37.528000141213525,126.74304380179562,34.0
23070580050008,37.52530983336312,126.73963482150046,79.0
23070580050009,37.52718202474239,126.74052191375158,26.0
23070580050001,37.52982519697513,126.73515777291333,6.0
23070580050002,37.527690802667735,126.73625571076788,20.0
23070580050012,37.52498779107388,126.73708077432879,68.0
23070580050004,37.52699042376366,126.73765808402337,56.0
23070580050005,37.52710507908643,126.73363731201917,32.0
23070580050006,37.52606628597534,126.73783745415962,29.0
23070580050007,37.52512121915367,126.73430424630808,13.0
23070580050010,37.52667742735738,126.73499783646295,19.0
23070580050011,37.52475679336394,126.7356478456825,0.0
23070580050003,37.528345411832234,126.73523821677747,10.0
23070580050102,37.525320615038865,126.7349051980641,14.0
23070580050101,37.52449040256079,126.73493159281887,25.0
23070580050203,37.52882274037675,126.73907722776401,26.0
23070580050206,37.529773444063714,126.73887763631745,32.0
23070580050201,37.529294808572764,126.73898159047535,34.0
23070580050204,37.528132468079136,126.73920660863696,33.0
23070580050209,37.5285632610164,126.73766440830252,0.0
23070580050207,37.52906261131552,126.73756913451865,12.0
23070580050202,37.52800947015657,126.73787035191242,13.0
23070580050205,37.53011161293159,126.73731937882614,32.0
23070580050210,37.52952068050532,126.73748462176886,31.0
23070580050208,37.53025546051679,126.73872124020355,19.0
23070580050307,37.5285071971582,126.74171493345963,0.0
23070580050306,37.52965390244335,126.74233339135117,35.0
23070580050303,37.52978672871736,126.74089395147476,18.0
23070580050305,37.53010497026024,126.74154877686355,25.0
23070580050302,37.52903355166676,126.74019341750099,23.0
23070580050304,37.52911166853553,126.7412743955535,34.0
23070580050301,37.53007917563516,126.74007403203667,23.0
23070580050401,37.52920382887594,126.73407836561512,29.0
23070610010022,37.54604239822746,126.73215834046488,8.0
23070610010029,37.547639200052664,126.74245816733118,0.0
23070610010002,37.54860377625616,126.74092823615713,20.0
23070610010012,37.54622059689137,126.73553301203683,0.0
23070610010019,37.54551783119063,126.73436943427203,10.0
23070610010027,37.548765498242034,126.73803721101075,22.0
23070610010037,37.544220990277466,126.73688624293192,31.0
23070610010007,37.54697547316931,126.73832425910655,7.0
23070610010017,37.545909670781235,126.73831115594315,17.0
23070610010023,37.54705013409675,126.7340286614021,5.0
23070610010033,37.54714253611402,126.73642435421021,9.0
23070610010003,37.5454262218952,126.73549865857122,18.0
23070610010013,37.54710667744624,126.73277969750295,7.0
23070610010006,37.54300930497217,126.73619770546549,13.0
23070610010016,37.54629014982925,126.73373396597141,0.0
23070610010024,37.54796929763869,126.74443342415046,12.0
23070610010034,37.54831148716698,126.7358893357401,8.0
23070610010004,37.545410382024286,126.73655285867736,14.0
23070610010014,37.55410335019449,126.73227143805322,15.0
23070610010009,37.54593906492163,126.74516626956908,15.0
23070610010030,37.54655947749811,126.74079082689691,19.0
23070610010010,37.54755984604897,126.73574301513892,12.0
23070610010025,37.54375681540277,126.74148564490896,0.0
23070610010035,37.548285135717336,126.74204012246139,0.0
23070610010005,37.552297203001764,126.7424331488399,7.0
23070610010032,37.54449617544094,126.73413609441901,19.0
23070610010021,37.546826693867864,126.74402275314301,26.0
23070610010028,37.54377166797536,126.7355614760715,17.0
23070610010001,37.54790785166188,126.73354478533732,9.0
23070610010008,37.55009055362777,126.73975022447657,0.0
23070610010018,37.54542716155719,126.73331452608359,15.0
23070610010031,37.54542013394815,126.73201485886464,11.0
23070610010026,37.544841418171714,126.73785820387356,0.0
23070610010036,37.55068097917379,126.74431862377813,17.0
23070610010020,37.54876144994459,126.74486006479607,18.0
23070610010011,37.54705213397424,126.73146507315505,7.0
23070610010102,37.54345101549683,126.73817003968067,34.0
23070610010107,37.54316952232577,126.7397193926299,33.0
23070610010104,37.54534450211434,126.73967483088659,20.0
23070610010101,37.54423881683826,126.73883211689459,13.0
23070610010106,37.54385820320016,126.74033705275714,28.0
23070610010103,37.54488510406177,126.74081061281035,29.0
23070610010105,37.54464322011485,126.73923267938297,24.0
23070610010108,37.544349064928035,126.74041428293437,39.0
23070610010201,37.54512529523321,126.7418734856944,38.0
23070610010202,37.54605765651045,126.74167046394193,28.0
23070610010203,37.546153555760355,126.7422449109237,25.0
23070610010304,37.545475864111275,126.7436882911741,23.0
23070610010305,37.54509221448384,126.74402009087923,26.0
23070610010306,37.5445692923383,126.74429728722238,29.0
23070610010301,37.54601404717446,126.7432302875173,41.0
23070610010302,37.545200761854886,126.74282685976011,29.0
23070610010303,37.54407111710205,126.74282061156707,25.0
23070610010401,37.54827457898094,126.73920193575451,12.0
23070610010402,37.54905999716953,126.73923052432777,5.0
23070610010501,37.54911023383631,126.74049110925036,8.0
23070610010502,37.54865280437496,126.74003175724536,0.0
23070610010903,37.55336802115432,126.74039742816021,61.0
23070610010901,37.55319675838562,126.74133253136067,41.0
23070610010902,37.55262105843658,126.74108351211497,36.0
23070610011001,37.54998705704033,126.7411097825725,29.0
23070610011101,37.5507095825557,126.7412758493208,12.0
23070610011501,37.546608924288286,126.73582446686676,5.0
23070620010001,37.537521441356716,126.74298126355825,0.0
23070620010002,37.534280816155594,126.74102380104769,0.0
23070620010003,37.53645590050778,126.74163572561746,0.0
23070620010102,37.536979264206664,126.73939961125663,37.0
23070620010103,37.53646154657252,126.74069184051258,10.0
23070620010101,37.53730373814306,126.74080700045548,35.0
23070620010201,37.53562992150962,126.7420060333452,27.0
23070620010202,37.53557050453313,126.74322666288099,20.0
23070620010203,37.535056063213545,126.74250793454868,26.0
23070620010302,37.53689030212109,126.74192417854344,34.0
23070620010303,37.53624277347225,126.74282443111805,30.0
23070620010301,37.53679746544348,126.74324354363529,24.0
23070620010401,37.535321097043585,126.7405850785165,23.0
23070620010402,37.5359370567211,126.74006234411219,16.0
23070620010403,37.53543482378974,126.73925992487261,7.0
23070620020003,37.53898837260727,126.7361551737215,0.0
23070620020002,37.538713108337845,126.73805428270965,0.0
23070620020001,37.54018764582557,126.73691937397639,0.0
23070620020101,37.54225936316551,126.73867814993017,48.0
23070620020105,37.54162461022962,126.73884396050192,29.0
23070620020103,37.541507415913664,126.73779081159147,51.0
23070620020104,37.54207888007081,126.73766222515083,32.0
23070620020102,37.54179924367666,126.73705643928602,44.0
23070620030002,37.54194142165783,126.74339956296302,18.0
23070620030003,37.5387479379113,126.74298391403426,0.0
23070620030001,37.54322246914456,126.74409625060264,19.0
23070620030104,37.5380190478775,126.74015168931062,24.0
23070620030102,37.53875942454003,126.74077458070306,9.0
23070620030103,37.5388209919629,126.73966017943324,11.0
23070620030101,37.53871123515696,126.7414199264729,22.0
23070620030201,37.54180340706538,126.73999807945893,50.0
23070620030202,37.54258686066852,126.74020149361395,17.0
23070620030302,37.539648720223724,126.7411326774997,27.0
23070620030303,37.540700298176745,126.73992045377612,27.0
23070620030301,37.54060251491503,126.7411560806326,25.0
23070620030304,37.53984588958834,126.73965846180587,18.0
23070620030401,37.54078881785867,126.74311488914854,42.0
23070620030404,37.540363520912855,126.74390855833397,13.0
23070620030405,37.53972530710338,126.7438172907324,31.0
23070620030402,37.53970460362234,126.74238490932912,36.0
23070620030403,37.54019536616174,126.74244556746731,26.0
23070620030503,37.54177208727359,126.74122314050732,21.0
23070620030501,37.542834983820214,126.74154652769788,17.0
23070620030502,37.54195961140729,126.74179499882358,25.0
23070620040003,37.534716915057324,126.73585420201911,0.0
23070620040002,37.5367833462419,126.73677825825919,0.0
23070620040004,37.53442739721144,126.73798885386542,0.0
23070620040001,37.53591893376412,126.73634154879247,0.0
23070630010001,37.55360717626063,126.74680073958183,0.0
23070630010002,37.559284327269,126.74640837079744,0.0
23070630010101,37.55493206019295,126.74595556448705,36.0
23070630010102,37.55441641318838,126.74686524292893,30.0
23070630010202,37.555451802508045,126.7481259264543,25.0
23070630010203,37.55565640200132,126.74679851367962,16.0
23070630010201,37.555385713793,126.7469743529817,33.0
23070630010301,37.556910703342965,126.74634855238651,25.0
23070630020001,37.57769644925396,126.72754840124219,13.0
23070630020002,37.582055970042965,126.72300073894466,12.0
23070630030001,37.57760680361982,126.73641428578861,22.0
23070630030004,37.578467398643646,126.73897236452363,23.0
23070630030005,37.5829339957746,126.74244891797463,0.0
23070630030002,37.578645070289355,126.73271151010762,6.0
23070630030003,37.57921643877217,126.73633946149735,39.0
23070630030103,37.5802567497309,126.73636904924224,21.0
23070630030101,37.58074640562188,126.73613766250834,34.0
23070630030102,37.58125174682715,126.7356371732323,35.0
23070630030205,37.58001885767239,126.73215638458957,37.0
23070630030202,37.58096233587627,126.73434037413665,15.0
23070630030203,37.580407024904886,126.73164211585433,25.0
23070630030206,37.58078925579915,126.73307176882466,19.0
23070630030201,37.57990446984636,126.73354612031181,27.0
23070630030204,37.580359382776194,126.73486208445692,23.0
23070630030401,37.57932138402565,126.73175262359425,27.0
23070630040001,37.57609647657257,126.70608038435304,0.0
23070630050004,37.55537839858406,126.74242663848798,11.0
23070630050001,37.560622510296824,126.7398064962206,21.0
23070630050006,37.555874884289494,126.74463410872305,12.0
23070630050003,37.56253632849253,126.71529766260662,18.0
23070630050008,37.55745768476959,126.7449061537247,0.0
23070630050005,37.55686836381235,126.74445165163347,15.0
23070630050002,37.56739235133329,126.73272840820893,6.0
23070630050007,37.55414185352285,126.74433720564139,23.0
23070630050101,37.55784986026062,126.74377289431952,6.0
23070630050201,37.55461252237106,126.74349131542506,26.0
23070630050301,37.55571465189642,126.7403484037411,8.0
23070630050302,37.55607211195972,126.74089864574951,16.0
23070630060102,37.55531735302322,126.74898541940999,24.0
23070640010005,37.561445439638184,126.75401210214251,27.0
23070640010006,37.56206465264653,126.75334920998257,37.0
23070640010001,37.56665126074241,126.75488523995723,27.0
23070640010007,37.56026535940455,126.75350733090278,29.0
23070640010002,37.563060992237105,126.75370883780208,27.0
23070640010003,37.564569294268324,126.75404763161492,21.0
23070640010004,37.56246497818026,126.7547787464654,28.0
23070640020101,37.55812081781427,126.75518024757382,20.0
23070640020102,37.558115218227954,126.75373975818574,11.0
23070640020202,37.558166515239,126.7566541649625,51.0
23070640030001,37.55999153976116,126.76104801288179,35.0
23070640030003,37.573341388602664,126.77141213022323,18.0
23070640030002,37.55955279732983,126.76032944317414,16.0
23070640030005,37.561365596646844,126.76033503162402,54.0
23070640030004,37.559698849326125,126.75637933723637,20.0
23070640030007,37.56166852017353,126.7584077917275,43.0
23070640030006,37.56080871142333,126.75541952302935,33.0
23070640030009,37.559589446468834,126.75868126062005,33.0
23070640030008,37.56104608907566,126.75773475259044,39.0
23070640030010,37.559836993669954,126.75768679325282,31.0
23070640030102,37.55942109119398,126.75506926523317,16.0
23070640030103,37.56192767744623,126.75957355474895,18.0
23070640030101,37.562397425121006,126.7592971851835,6.0
23070640030104,37.55910672762623,126.75395756768117,12.0
23070640030201,37.56189543433381,126.7571640086959,54.0
23070640030303,37.563067274999895,126.75969263284517,41.0
23070640030301,37.563164133520736,126.7577315766261,44.0
23070640030302,37.562730954314986,126.75811716128607,35.0
23070640040002,37.56664687009487,126.74771037149445,10.0
23070640040005,37.566993402513916,126.74889282610768,22.0
23070640040008,37.56855043699814,126.74784677817564,26.0
23070640040003,37.567144617186855,126.74705576176474,43.0
23070640040006,37.56968510222189,126.74736799816408,34.0
23070640040001,37.570260547971266,126.74562079602104,37.0
23070640040004,37.56824160179926,126.74506519471764,39.0
23070640040007,37.56864387453649,126.7493505112062,25.0
23070640040101,37.56992752901791,126.74858164564728,40.0
23070640040102,37.569636745910515,126.74972404325752,34.0
23070640040203,37.56583289807693,126.74837912093506,34.0
23070640040202,37.56595188100249,126.74568083852121,34.0
23070640040201,37.56612763412184,126.74699257245963,26.0
23070640040302,37.56584272110223,126.75044890108144,31.0
23070640040301,37.56652496169409,126.75055532006462,46.0
23070640040402,37.56943844195481,126.75098319196161,36.0
23070640040404,37.5675624931691,126.75035364334354,49.0
23070640040401,37.568653941952775,126.75084972779109,49.0
23070640040403,37.56756053081462,126.75139355521225,57.0
23080510010003,37.55648286293702,126.6753858254083,31.0
23080510010002,37.55574121506235,126.67360405592387,32.0
23080510010001,37.555975654582504,126.67510024307832,31.0
23080510020002,37.55859681415065,126.67542135751994,19.0
23080510020012,37.564370620592676,126.67493264937707,20.0
23080510020008,37.55983193027152,126.6734979464319,42.0
23080510020007,37.560645128409895,126.67651224081523,28.0
23080510020010,37.55790086159706,126.67683131932225,36.0
23080510020005,37.558305183946494,126.67417040218739,32.0
23080510020015,37.55946662869518,126.6753384256688,31.0
23080510020014,37.560761084542975,126.67424218890385,17.0
23080510020006,37.56368679927934,126.674257964609,20.0
23080510020016,37.56243531277475,126.6763017425708,25.0
23080510020013,37.557154522472516,126.6743873343992,35.0
23080510020009,37.56251966137396,126.67450493474433,30.0
23080510020004,37.56473944220061,126.67673620239565,24.0
23080510020003,37.560660599876975,126.67505765431707,36.0
23080510020001,37.55790761977792,126.67615621355834,25.0
23080510020011,37.56349239148461,126.67683208674472,16.0
23080510030005,37.55669560500878,126.67259660008878,35.0
23080510030003,37.554563923270095,126.66787482762895,19.0
23080510030004,37.556251656936006,126.67176624193418,21.0
23080510030002,37.56519867515563,126.67405563714647,15.0
23080510030007,37.5584045852652,126.67195030521425,27.0
23080510030006,37.55739763724826,126.67209401221403,39.0
23080510030001,37.56393212208076,126.6687851333807,25.0
23080510030101,37.56158127735932,126.67265961347766,24.0
23080510030102,37.56114514834962,126.67243795600609,26.0
23080510030201,37.56233974190328,126.67253322608438,48.0
23080510030301,37.565407793535776,126.67191384349044,37.0
23080510030401,37.56333067082537,126.67216358892686,35.0
23080510030402,37.56345523417803,126.67281248452225,16.0
23080510030505,37.566842034688236,126.67610519130822,42.0
23080510030503,37.565793396638654,126.67277722993423,30.0
23080510030504,37.566127803326644,126.67381072090046,44.0
23080510030502,37.566768032957526,126.6750720660819,53.0
23080510030501,37.56677015213334,126.67407076500632,26.0
23080510030701,37.557274696884356,126.66520173335198,59.0
23080510030703,37.55576389836332,126.66514417427116,71.0
23080510030704,37.55583035517217,126.6665990460067,47.0
23080510030702,37.55679096380623,126.66674834076537,53.0
23080510040001,37.57587973776104,126.6774136066335,0.0
23080510040109,37.5784915127804,126.66674851877188,84.0
23080510040106,37.578197046720575,126.66813076768403,50.0
23080510040103,37.58002217117901,126.66465531473168,76.0
23080510040110,37.57854537589266,126.66485568968218,66.0
23080510040108,37.58057173860208,126.66676485156088,46.0
23080510040105,37.579679980721274,126.6649970683825,73.0
23080510040102,37.57869236272289,126.66579186244965,101.0
23080510040112,37.57917450009229,126.66808300470082,58.0
23080510040107,37.579647887702954,126.66582629912317,54.0
23080510040104,37.57961782198167,126.66679052470705,57.0
23080510040101,37.58058639028943,126.6658675840759,63.0
23080510040111,37.579864734776855,126.66746532779204,85.0
23080510040207,37.57889394741798,126.67190489342222,75.0
23080510040204,37.57768420844017,126.67012026239166,107.0
23080510040201,37.57763443889846,126.67295533657878,75.0
23080510040211,37.57967241771111,126.67103938213455,96.0
23080510040209,37.577719776555774,126.67112729640235,99.0
23080510040206,37.577742644420724,126.66921496489816,38.0
23080510040203,37.57763959564986,126.67200187571997,93.0
23080510040210,37.57992381748231,126.67180667427382,87.0
23080510040208,37.579996553368495,126.6700828164375,112.0
23080510040205,37.57879856470572,126.6692312235945,72.0
23080510040202,37.57892097766101,126.67014396106929,83.0
23080510040212,37.57892689165803,126.67103982508853,90.0
23080510050008,37.56506734619851,126.67900565431187,29.0
23080510050009,37.56470736802955,126.68426193223657,34.0
23080510050001,37.565975053915786,126.67827514093688,11.0
23080510050004,37.5653090829028,126.6822748929221,16.0
23080510050005,37.56585966688552,126.680356307577,23.0
23080510050006,37.56403815057193,126.69167992664143,14.0
23080510050007,37.56510421432821,126.6813296178146,27.0
23080510050010,37.56756025692552,126.6815094686321,27.0
23080510050011,37.56425790597128,126.67908936378603,23.0
23080510050003,37.56743711347131,126.67855378466714,8.0
23080510050002,37.567962797369596,126.68099137747785,9.0
23080510050103,37.56853170492206,126.6817446754714,33.0
23080510050102,37.56854144227966,126.68052818912872,51.0
23080510050104,37.56817616739191,126.68251439566245,42.0
23080510050101,37.56808235080275,126.67971506906198,30.0
23080510050201,37.56582616752245,126.68473683527226,29.0
23080510050202,37.56533880662308,126.6853115959474,43.0
23080510050302,37.56623866861238,126.68406852916266,23.0
23080510050301,37.56688517889092,126.68443156316143,36.0
23080510050402,37.56605935526483,126.68587603309699,18.0
23080510050401,37.56644338835595,126.68654246370657,13.0
23080510050502,37.56807656394896,126.68450006500763,22.0
23080510050501,37.56868010609521,126.68429722762696,35.0
23080510050601,37.56732467163614,126.6853500017904,44.0
23080510060010,37.554627531951965,126.65597014152374,27.0
23080510060009,37.55761498127341,126.65540229888222,24.0
23080510060008,37.55528787186524,126.65523742655081,41.0
23080510060005,37.553898357189254,126.65322865171514,49.0
23080510060004,37.55312892020499,126.6411588331271,0.0
23080510060007,37.55739591510937,126.65426795389638,39.0
23080510060006,37.55665783783634,126.65750828599673,36.0
23080510060001,37.55130418390079,126.65525747294424,21.0
23080510060011,37.557316666320595,126.65286424426442,24.0
23080510060003,37.570860561929095,126.65554549129234,25.0
23080510060002,37.559965600680805,126.64733973439063,30.0
23080510060012,37.55705191855215,126.65348962715588,26.0
23080510060101,37.56095752541526,126.65267033053483,59.0
23080510060201,37.56000125788145,126.65289956569015,31.0
23080510060202,37.55943575979547,126.65229955208052,40.0
23080510060203,37.55981951159382,126.6513608820053,45.0
23080510060301,37.55549075805608,126.65180157205636,65.0
23080510060302,37.554812037401945,126.65264131573116,37.0
23080510060401,37.55795345127329,126.65132005984518,45.0
23080510060402,37.558729427607794,126.65119572006077,49.0
23080510060403,37.55721299575784,126.65110040001343,49.0
23080531010001,37.554898747130935,126.69542878966425,0.0
23080531020003,37.542325810658376,126.6792756616386,16.0
23080531020013,37.55086676180118,126.6839954115794,14.0
23080531020010,37.551159197801674,126.6862800809783,22.0
23080531020008,37.54988340594612,126.67830286013164,29.0
23080531020001,37.543231330720694,126.67983846245522,22.0
23080531020011,37.545596296935216,126.69557174678798,0.0
23080531020016,37.550780664739456,126.68292848168466,9.0
23080531020009,37.550063034070476,126.67774907651587,9.0
23080531020006,37.53959945030078,126.68368650707129,0.0
23080531020007,37.548147482720395,126.6846024015283,7.0
23080531020017,37.546487596613986,126.67774202412377,26.0
23080531020004,37.54952340504974,126.67959042590003,0.0
23080531020014,37.54393486492934,126.68214928880954,9.0
23080531020018,37.5499703513433,126.68106947721557,5.0
23080531020005,37.54408388531033,126.68063712350651,12.0
23080531020015,37.55117991961429,126.6803189702224,7.0
23080531020002,37.546525967723454,126.67929201256293,14.0
23080531020012,37.55154128553301,126.68358580967059,23.0
23080531020101,37.54846163517747,126.68085923687997,6.0
23080531020201,37.545029821170154,126.67969792724269,26.0
23080531020204,37.545633647648195,126.68073644055526,21.0
23080531020205,37.5448205529747,126.68121881419957,13.0
23080531020202,37.54544037728596,126.6813364937435,26.0
23080531020203,37.544635611395634,126.68008396371054,19.0
23080531020401,37.54554986518424,126.68320473858475,37.0
23080531020501,37.54304837804541,126.67820586039669,14.0
23080531020502,37.54361099198851,126.678256553803,22.0
23080531020701,37.54836277256964,126.68266408090957,38.0
23080531020801,37.55070204205607,126.68534365623603,38.0
23080531030001,37.553561565145934,126.68177496254009,29.0
23080531040004,37.54558826990568,126.67084853237989,14.0
23080531040022,37.546287657757084,126.67599611234854,49.0
23080531040006,37.54549441850198,126.67416299387028,16.0
23080531040016,37.545893195565114,126.67009677703103,20.0
23080531040012,37.54198868811544,126.67155726088829,12.0
23080531040021,37.54838287253657,126.67396856609662,21.0
23080531040005,37.54645450336435,126.66314508085286,16.0
23080531040015,37.54607189113513,126.67215171476887,22.0
23080531040011,37.54024696865915,126.67455315853633,6.0
23080531040013,37.547187469571625,126.67138156721687,21.0
23080531040024,37.548526524052235,126.66974962018375,27.0
23080531040008,37.543351590820365,126.67523732563743,24.0
23080531040018,37.550122986722826,126.67256491176907,7.0
23080531040014,37.548591538204064,126.67156277432098,16.0
23080531040010,37.54844076448396,126.67575975285418,7.0
23080531040001,37.54290735633068,126.67267777990794,6.0
23080531040009,37.55038154839464,126.6740697808943,14.0
23080531040020,37.54906730003652,126.67349755085351,13.0
23080531040023,37.54940079547439,126.67538111704812,17.0
23080531040007,37.54423450117165,126.67149144331393,13.0
23080531040017,37.54192512424805,126.67399161110993,24.0
23080531040003,37.54074608284272,126.67084191505512,23.0
23080531040002,37.54978812153918,126.66993318201777,14.0
23080531040019,37.54763463951694,126.67363084113116,23.0
23080531040101,37.54752487258784,126.67546064011566,0.0
23080531040201,37.551519952936644,126.67397469873593,5.0
23080531040301,37.55006289353214,126.67135312790953,32.0
23080531040302,37.55044397103023,126.670908437493,36.0
23080531040401,37.55128241793905,126.67520768778319,25.0
23080531040402,37.550820773424235,126.67559456977303,18.0
23080531040601,37.54697867310637,126.67467876950582,16.0
23080531040702,37.54120639643544,126.67426805887828,35.0
23080531040705,37.54046009562157,126.67449330255008,21.0
23080531040703,37.539950322708336,126.67403530659513,14.0
23080531040701,37.54038795052865,126.67346382157649,39.0
23080531040704,37.54088536541211,126.673472561415,27.0
23080531040801,37.54266727454817,126.67016036897692,24.0
23080531040802,37.54301963549085,126.67143482023175,26.0
23080531040803,37.54311717307549,126.67048477213875,24.0
23080531041001,37.5444565053024,126.66994795081581,20.0
23080531041002,37.54458575861906,126.6706769649263,42.0
23080541010004,37.530282822079506,126.67187173089697,47.0
23080541010003,37.52591158441942,126.67246921268666,0.0
23080541010001,37.52813148919283,126.6706055113747,31.0
23080541010005,37.535674009864,126.67125887473854,0.0
23080541010101,37.53359766288207,126.66369543337179,55.0
23080541010103,37.53440107540261,126.66452045584633,99.0
23080541010102,37.53362436348875,126.66517490059304,86.0
23080541010203,37.53412796378022,126.6678781265736,63.0
23080541010202,37.533676182418,126.66680820946426,63.0
23080541010201,37.534728369611805,126.66673387215198,44.0
23080541010206,37.533533836707065,126.66877228686867,63.0
23080541010205,37.53485851938253,126.66805129772462,70.0
23080541010204,37.53456350869916,126.66912166700742,73.0
23080541010305,37.53218059790608,126.66751568672026,93.0
23080541010304,37.53137140870811,126.66645648027855,77.0
23080541010303,37.53101818885589,126.66743756883422,58.0
23080541010302,37.530328365500644,126.6669098230214,79.0
23080541010301,37.532628987432496,126.66661285462582,51.0
23080541010401,37.53218423071304,126.66537433114351,8.0
23080541010405,37.53064459001701,126.66522698425565,5.0
23080541010404,37.530299650013525,126.66361030138556,19.0
23080541010403,37.531320633196806,126.66374912792669,37.0
23080541010402,37.532542399264145,126.66378870532021,26.0
23080541010506,37.526549415657264,126.66334589745979,71.0
23080541010501,37.52708718689432,126.6668892788161,71.0
23080541010504,37.52693588627297,126.66848216820962,80.0
23080541010507,37.526132884711245,126.6646787293573,67.0
23080541010502,37.5264204061137,126.66576914764053,89.0
23080541010508,37.525676382501864,126.66840692045953,75.0
23080541010505,37.5258649931668,126.66680262948712,50.0
23080541010503,37.52719717293647,126.66478422099277,87.0
23080541010605,37.52812588250798,126.66884682286164,74.0
23080541010604,37.52941676749928,126.66891579955077,63.0
23080541010602,37.52822510264038,126.66789516488991,68.0
23080541010601,37.529516862459104,126.66774112385671,87.0
23080541010802,37.538509919789256,126.66462375312115,17.0
23080541010801,37.539036578641536,126.66512538024973,26.0
23080541020002,37.51686658304487,126.67324887596772,0.0
23080541020012,37.516129959927156,126.6741763368354,15.0
23080541020008,37.51513875019163,126.6746874514279,5.0
23080541020007,37.514270667541936,126.67361599163482,16.0
23080541020014,37.518170340932926,126.6767020332619,11.0
23080541020010,37.516057602537266,126.67531465540092,18.0
23080541020005,37.51933011230998,126.67550828191334,0.0
23080541020015,37.51835127981922,126.67562177166668,13.0
23080541020006,37.522901936095856,126.67545720323965,14.0
23080541020003,37.513860132199675,126.67484026843536,0.0
23080541020013,37.5140789232052,126.67607265392881,14.0
23080541020009,37.51597976536279,126.67629733587547,7.0
23080541020016,37.52299874709739,126.6697060333865,0.0
23080541020004,37.519341050693995,126.67400634266296,9.0
23080541020001,37.52059243918289,126.6744115070672,7.0
23080541020011,37.51752640756495,126.67454379970619,9.0
23080541020101,37.52143072172797,126.67365437983783,113.0
23080541020104,37.52200893619374,126.67458500276975,95.0
23080541020105,37.52188415206415,126.67526802902813,87.0
23080541020102,37.521339193371624,126.67532052175005,115.0
23080541020103,37.52205466735563,126.67369255169889,118.0
23080541020201,37.523669311101294,126.67085137254091,131.0
23080541020211,37.5229396897253,126.670775502391,109.0
23080541020202,37.5228879985453,126.67275289237865,119.0
23080541020208,37.523700582725745,126.66979657172101,96.0
23080541020207,37.524366471887674,126.67278679240671,121.0
23080541020210,37.52447442837057,126.6698523071519,132.0
23080541020205,37.523642084327435,126.67177057309507,115.0
23080541020206,37.5236134741944,126.67276270535427,116.0
23080541020203,37.52440145782632,126.67179241379476,137.0
23080541020209,37.52290681150606,126.67176819453702,103.0
23080541020204,37.52443433303369,126.6708838435196,138.0
23080541020305,37.5199520069351,126.6783013921965,123.0
23080541020302,37.52131052894754,126.67755266137968,181.0
23080541020303,37.521197657012145,126.67909875222085,109.0
23080541020301,37.519428884792674,126.67771072821294,123.0
23080541020304,37.52050472914522,126.67875116306242,128.0
23080550010001,37.529588973057805,126.6816659324769,7.0
23080550010002,37.52700915877454,126.67737937239049,0.0
23080550010109,37.52392674767602,126.68239379266802,122.0
23080550010106,37.52385880474622,126.68399130952834,92.0
23080550010101,37.52388945983221,126.68320764343598,106.0
23080550010104,37.52326980650884,126.68275687947562,124.0
23080550010107,37.52330683353644,126.68072173068262,93.0
23080550010102,37.5240354173189,126.6799542041794,79.0
23080550010108,37.52327910271828,126.68154727727001,96.0
23080550010105,37.52395992709942,126.68158410863545,101.0
23080550010103,37.52399275546725,126.68081274376553,70.0
23080550010203,37.522547077142576,126.67884625446091,125.0
23080550010202,37.523305969877555,126.67894798092651,123.0
23080550010201,37.522642638737096,126.67795734981254,135.0
23080550010205,37.52385141694663,126.6778540279084,114.0
23080550010204,37.52408149825697,126.6789979129155,111.0
23080550010301,37.5283478564784,126.67758781027189,59.0
23080550010305,37.52707297184399,126.67903939970023,83.0
23080550010304,37.52772495980231,126.67866292653342,77.0
23080550010303,37.526926329185926,126.67807304851223,59.0
23080550010302,37.527600339374644,126.67748873309569,72.0
23080550010502,37.524717989849606,126.68207113264644,25.0
23080550010501,37.52530910769622,126.68193932312182,26.0
23080550010601,37.52507041700459,126.6859773930431,25.0
23080550010704,37.526100096375046,126.68380996965307,13.0
23080550010703,37.52567828775565,126.68311446776703,17.0
23080550010702,37.52662725586875,126.68437827630663,12.0
23080550010701,37.527029604836834,126.68397550590122,21.0
23080550010705,37.526162618628646,126.6853895947257,7.0
23080550010802,37.5291184595838,126.67874245411262,7.0
23080550010801,37.52998700869775,126.67843774446868,5.0
23080560010010,37.52165958834872,126.68415740541445,133.0
23080560010001,37.51600246304276,126.67779532320236,0.0
23080560010003,37.51889206768209,126.68283157981357,19.0
23080560010004,37.515360547559865,126.68100817542663,7.0
23080560010005,37.51854058058711,126.67855417001525,6.0
23080560010006,37.519953673905455,126.67992398095076,0.0
23080560010007,37.51813784330235,126.67929928938881,0.0
23080560010002,37.51505896096322,126.67756218326882,0.0
23080560010008,37.51598322937912,126.67942485331282,8.0
23080560010009,37.516966365523515,126.67780616856457,8.0
23080560010101,37.51393099127027,126.6778781786308,28.0
23080560010103,37.513915542217326,126.67856839021314,26.0
23080560010102,37.513956961369935,126.67711852724695,18.0
23080560010201,37.515346684453505,126.67866582071753,0.0
23080580010023,37.50781883747442,126.67165828736105,22.0
23080580010003,37.51199242409835,126.6664538630382,18.0
23080580010013,37.50956460407024,126.66324557911936,26.0
23080580010015,37.51156456568665,126.67455916063267,7.0
23080580010026,37.51058454321444,126.66717440336431,20.0
23080580010029,37.508909521375024,126.67373704323936,29.0
23080580010006,37.51251669731916,126.66867147087392,16.0
23080580010016,37.5121016630779,126.66744926342942,12.0
23080580010019,37.51174503421639,126.66535361621781,25.0
23080580010031,37.51238808873132,126.67455097690159,0.0
23080580010001,37.51186185762268,126.67202758434429,9.0
23080580010011,37.51386970669483,126.66353950659077,32.0
23080580010021,37.51264658989774,126.67088699045902,5.0
23080580010024,37.50890590383802,126.67490759831777,56.0
23080580010004,37.50822774691433,126.66747080599971,6.0
23080580010014,37.508866824012486,126.67292369111577,14.0
23080580010005,37.509384643982436,126.6711943137707,15.0
23080580010027,37.5118841046602,126.67324741636715,6.0
23080580010007,37.50696088736647,126.6743599150014,7.0
23080580010017,37.51017243540522,126.67533168709336,31.0
23080580010022,37.5128202070423,126.67575184717097,16.0
23080580010002,37.51240497911177,126.66943315793574,19.0
23080580010012,37.5087512593843,126.67589207257816,31.0
23080580010025,37.50899938497308,126.67027199432873,0.0
23080580010028,37.511579352439384,126.67598048109873,11.0
23080580010009,37.51080769069805,126.67121705206874,7.0
23080580010008,37.51013041599479,126.67381872436316,8.0
23080580010020,37.50708573229877,126.6693000114647,24.0
23080580010030,37.507463378699406,126.67388166906656,20.0
23080580010010,37.51316232544895,126.66611287597858,14.0
23080580010018,37.50784202609836,126.6749386056671,29.0
23080580010101,37.5104660617284,126.66559415384604,8.0
23080580010201,37.511912705456425,126.66430484228809,18.0
23080580010302,37.51128994602678,126.66960526512203,13.0
23080580010301,37.51088185184819,126.66876351299663,32.0
23080580010304,37.51086507508052,126.67031348134132,23.0
23080580010303,37.51044001785873,126.66948878590516,25.0
23080580011901,37.50832092884144,126.66967529318039,15.0
23080580012101,37.50734910763784,126.67100931295033,17.0
23080580012301,37.51082030413021,126.6634766480556,18.0
23080580013701,37.5083937423037,126.67446364601129,16.0
23080590010010,37.50368700021276,126.6691005129583,17.0
23080590010002,37.50006319240532,126.67047738273872,10.0
23080590010012,37.506265534963426,126.66848166783028,0.0
23080590010004,37.50228982033889,126.6512046863431,0.0
23080590010005,37.50216229372489,126.67029045243221,16.0
23080590010006,37.50109282357837,126.671154915374,20.0
23080590010007,37.502901540638106,126.6711081016341,17.0
23080590010008,37.50561360098918,126.67090188479628,6.0
23080590010009,37.504442829210625,126.67014002112992,15.0
23080590010001,37.50508855243849,126.66134704896739,12.0
23080590010011,37.50465461972854,126.67172857292483,0.0
23080590010003,37.50059554118033,126.66801913216842,14.0
23080590010102,37.4996962554165,126.66953373039308,22.0
23080590010101,37.49955980307153,126.66889827602851,25.0
23080590010103,37.499705092664094,126.66815950367196,27.0
23080590010202,37.501809830556596,126.66852731623592,24.0
23080590010201,37.502188751804184,126.66870248344759,26.0
23080590010303,37.50521029833056,126.66965633910222,9.0
23080590010302,37.50549499797729,126.66851656894033,18.0
23080590010301,37.50605696392465,126.66962357604,5.0
23080590010401,37.50451770534636,126.6686023986334,19.0
23080590020001,37.50568233400862,126.67477899871854,0.0
23080590020003,37.50366803186114,126.67342998202002,8.0
23080590020002,37.505012139516055,126.67312374624385,13.0
23080590020005,37.500378016475715,126.67480660135277,12.0
23080590020004,37.50428907340323,126.6750975837408,6.0
23080590020007,37.502284161056394,126.67496446370906,5.0
23080590020006,37.502448986645454,126.67309460139455,13.0
23080590020009,37.50136639422153,126.67281184633026,0.0
23080590020008,37.50002254553147,126.67283647497256,16.0
23080600010004,37.50364428456551,126.67781768734542,15.0
23080600010014,37.50465322885852,126.67979166944879,10.0
23080600010009,37.511383795529724,126.67779344237107,11.0
23080600010005,37.51237986497212,126.68010231623892,18.0
23080600010015,37.505812754281294,126.67728313677405,6.0
23080600010006,37.508240766411596,126.68350044765346,10.0
23080600010016,37.51177845662302,126.6769834329461,0.0
23080600010008,37.50947471128255,126.6768490848908,14.0
23080600010018,37.49931814189303,126.67757145385364,17.0
23080600010007,37.50808140917498,126.67780172671944,18.0
23080600010017,37.510515243785065,126.67976229813065,11.0
23080600010010,37.500163510647596,126.67897980476086,9.0
23080600010019,37.500439236637476,126.67628002318284,13.0
23080600010001,37.50322577131605,126.6764831185627,7.0
23080600010011,37.50740217252613,126.67721453477608,12.0
23080600010002,37.50202842981991,126.67739678752085,11.0
23080600010012,37.50861524500971,126.6790145215161,43.0
23080600010003,37.50169891880244,126.68211231863431,11.0
23080600010013,37.51269640237316,126.67790594021524,0.0
23080600010401,37.51073406455613,126.67839379425288,15.0
23080600010501,37.511633131641105,126.68087547621566,0.0
23080600010701,37.50915357605468,126.68018876278742,20.0
23080600010702,37.50972330977953,126.68089578278237,8.0
23080600010801,37.5091471322128,126.67757578038173,9.0
23080600010901,37.51015312470725,126.67765348385798,10.0
23080600011001,37.51059215717114,126.67691288735787,21.0
23080620010005,37.495261056781146,126.67063720701763,50.0
23080620010008,37.49872504488597,126.67085087879175,107.0
23080620010002,37.497058574941676,126.65979665396664,77.0
23080620010007,37.49667626602923,126.66892635667357,39.0
23080620010004,37.4974839201314,126.66992001895285,26.0
23080620010001,37.49025099593106,126.66503601465413,0.0
23080620010006,37.494002092195046,126.6705586960159,21.0
23080620010003,37.4943315207357,126.65054939987607,0.0
23080620010101,37.49639080837306,126.67088306021091,5.0
23080620010102,37.49612626772095,126.66912930233427,12.0
23080620020002,37.49763422996061,126.67273225326075,33.0
23080620020009,37.49415585006473,126.6747065136951,9.0
23080620020012,37.49397405053365,126.67299027524436,12.0
23080620020001,37.497654616182835,126.6747092135058,21.0
23080620020011,37.491189651629355,126.67384998072731,22.0
23080620020004,37.496338814667936,126.67462917858218,13.0
23080620020003,37.4987977278582,126.67428442232173,5.0
23080620020013,37.4916021029347,126.67233747129326,16.0
23080620020006,37.49513384582898,126.67273615243911,22.0
23080620020008,37.49611008481639,126.67267614921165,5.0
23080620020005,37.49241647463647,126.67437993847388,16.0
23080620020010,37.49307249731289,126.67230833650096,20.0
23080620020014,37.495332195108105,126.67466462398906,5.0
23080620020007,37.48364343266746,126.67093559972999,11.0
23080620020101,37.49670814144733,126.67244252378086,5.0
23080620020201,37.49870626264834,126.67234905212821,6.0
23080630010001,37.49873883599587,126.68875258928679,14.0
23080630010101,37.49567488135313,126.68997566469861,15.0
23080630010201,37.49660049552814,126.6868874924569,9.0
23080630010202,37.49617723524857,126.68763131120623,27.0
23080630010303,37.49631029691904,126.68906150476546,6.0
23080630010301,37.49575114503577,126.6885942680043,18.0
23080630010302,37.49499003359787,126.68859988302412,18.0
23080630020001,37.48897501773302,126.68189690390167,12.0
23080630020003,37.49021445735534,126.6840216293377,6.0
23080630020004,37.49347069993873,126.68473681867339,0.0
23080630020002,37.491118251531354,126.68105681421534,18.0
23080630020113,37.4912408893122,126.6849469966337,26.0
23080630020112,37.49086436251897,126.68242644359479,20.0
23080630020106,37.491639864134434,126.68209789762824,21.0
23080630020108,37.492527547280474,126.68536533952562,21.0
23080630020105,37.49355050003601,126.68301726398714,0.0
23080630020110,37.4938241445233,126.68263152164229,14.0
23080630020107,37.49415422397642,126.68213942891116,16.0
23080630020102,37.49283444387184,126.68254334512393,32.0
23080630020109,37.49306632384691,126.68370044647641,15.0
23080630020101,37.491872394427595,126.68525518241223,28.0
23080630020111,37.4913575676896,126.6834730122879,18.0
23080630020104,37.49197033968557,126.68345414079619,11.0
23080630020103,37.492358822878394,126.68252246473685,13.0
23080630020202,37.49322961469998,126.68650630813335,32.0
23080630020209,37.494484650235314,126.68453977698582,20.0
23080630020201,37.495453508894016,126.68483937175047,61.0
23080630020211,37.49338723138477,126.68709544487652,25.0
23080630020204,37.4951677846392,126.68552830662111,34.0
23080630020203,37.49373051778374,126.68552340251964,19.0
23080630020213,37.49532200084025,126.68351476355969,41.0
23080630020206,37.49398045836428,126.6878425428644,51.0
23080630020208,37.494834865315674,126.68638913781415,35.0
23080630020212,37.49579766286232,126.68421893111997,59.0
23080630020205,37.49450355033565,126.6870943225575,34.0
23080630020210,37.494484202848234,126.68543455833624,23.0
23080630020207,37.49402823193825,126.68643743345395,26.0
23080640010001,37.50083728353301,126.68567913034617,0.0
23080640020003,37.4971310699942,126.68090443120965,7.0
23080640020013,37.49780802122186,126.67793440222374,8.0
23080640020006,37.487729460209316,126.6792111413282,65.0
23080640020016,37.49829940827457,126.67668939745936,8.0
23080640020005,37.48947757686877,126.67882134630557,20.0
23080640020015,37.487788110487934,126.67753635329686,26.0
23080640020010,37.49432201804833,126.68070549360914,7.0
23080640020007,37.490498692450245,126.6768426306536,20.0
23080640020017,37.49698854740288,126.67813398452768,6.0
23080640020002,37.493461040062385,126.6793848288034,0.0
23080640020012,37.496267884896255,126.68155012635746,5.0
23080640020009,37.49441616118105,126.67625565413476,27.0
23080640020008,37.49671393938743,126.6762344389081,13.0
23080640020001,37.47924065525868,126.67922047572412,7.0
23080640020011,37.49544785570929,126.67886795626113,6.0
23080640020004,37.49019220034052,126.67856063855366,7.0
23080640020014,37.49253239223192,126.67677025285413,8.0
23080640020101,37.48997312571312,126.67951386787469,5.0
23080640020401,37.49615439745494,126.67735036265042,13.0
23080640020601,37.49387653830014,126.67743023312481,5.0
23080640020701,37.4959115167818,126.67846370499632,10.0
23080640020901,37.49367638500201,126.67814501270752,15.0
23080640021001,37.4918517949243,126.67811431237205,0.0
23080640021101,37.49100002553388,126.67858202592598,14.0
23080640021402,37.49165659374626,126.67959984456739,29.0
23080640021401,37.49201393687255,126.67920476223465,22.0
23080640021501,37.49093582802639,126.6761173763168,30.0
23080640021601,37.49514079311804,126.68162545870422,17.0
23080640021701,37.495906555492844,126.68177340468353,9.0
23080650010001,37.48297261261658,126.68272763727632,0.0
23080650010006,37.48688639084445,126.68346036793073,9.0
23080650010003,37.48710756194488,126.6817237987315,7.0
23080650010005,37.49152791349366,126.68940020194727,11.0
23080650010008,37.48629148298796,126.68732890947274,0.0
23080650010002,37.486721336885246,126.68548776031203,6.0
23080650010007,37.48730101734674,126.68635338705113,5.0
23080650010004,37.485576099504186,126.6917660509866,0.0
23080650010101,37.49260750692439,126.6879157050594,0.0
23080650010201,37.49339112624182,126.68858397988394,0.0
23080650010301,37.48938839606947,126.68558645604553,63.0
23080650010306,37.49018323246444,126.68584126195223,59.0
23080650010309,37.48857526088553,126.6844059496192,64.0
23080650010303,37.48848988461675,126.68630074780086,35.0
23080650010305,37.49171196612356,126.68700750571958,24.0
23080650010308,37.4881230269846,126.68535246031811,72.0
23080650010302,37.490986289478286,126.68665109330053,60.0
23080650010307,37.48902207051935,126.685018940586,37.0
23080650010304,37.49028808841011,126.6867963190602,61.0
23080650010501,37.484612964008484,126.68862300200834,21.0
23080650010605,37.484289668404315,126.68726763481507,22.0
23080650010601,37.483889312756475,126.6867911197213,65.0
23080650010602,37.485553470209716,126.68726118267381,55.0
23080650010603,37.485017845401934,126.6877186694483,35.0
23080650010604,37.48460736565506,126.6861715887675,58.0
23080650010801,37.48696897905777,126.6826812531182,19.0
23080730010001,37.51635071611709,126.66797062722864,9.0
23080730010004,37.51681735507679,126.66727958268018,11.0
23080730010003,37.516587065728494,126.66359279665761,17.0
23080730010006,37.51578527799933,126.66674778064369,13.0
23080730010008,37.5152116738845,126.66581716238898,13.0
23080730010005,37.51442072773919,126.6678800916701,21.0
23080730010007,37.51405587871949,126.66616222256657,7.0
23080730010002,37.51706558321679,126.66599087444978,29.0
23080730010101,37.51509147309406,126.66443860259243,35.0
23080730010102,37.51484464241238,126.66497105492634,25.0
23080730010301,37.51670010995051,126.6644595346269,18.0
23080730010401,37.515844139808415,126.66437987538602,19.0
23080730020009,37.51642730121661,126.66919328929227,11.0
23080730020008,37.51479153586293,126.66956826621379,13.0
23080730020007,37.516558278691804,126.6715565354862,6.0
23080730020006,37.51699619292127,126.67033558391545,0.0
23080730020005,37.514534019986385,126.6720995346121,16.0
23080730020004,37.515911187284594,126.67082042978664,15.0
23080730020003,37.517466979406805,126.67228937853204,17.0
23080730020001,37.514504940912644,126.67068737908046,5.0
23080730020205,37.521036486021245,126.66985979938696,44.0
23080730020215,37.518645315299295,126.67216143970202,32.0
23080730020206,37.51836100679101,126.67130526442654,28.0
23080730020216,37.51977397071722,126.66948953623172,46.0
23080730020209,37.51838408086666,126.66940698726863,28.0
23080730020218,37.51800596306192,126.6704423885607,18.0
23080730020207,37.518738807137765,126.67048432581728,17.0
23080730020217,37.52051862863024,126.67058587493487,49.0
23080730020210,37.521899212685874,126.66960963826153,32.0
23080730020208,37.522124094343546,126.67067466985858,45.0
23080730020211,37.5204855840899,126.67170554940408,45.0
23080730020202,37.52208156544195,126.67178209867033,21.0
23080730020212,37.52130568804138,126.67091256240043,34.0
23080730020203,37.51962669514222,126.67053487105714,26.0
23080730020213,37.519581483115275,126.67163891279579,30.0
23080730020204,37.52127594742251,126.67174349248404,32.0
23080730020214,37.52020059166764,126.67266763449499,48.0
23080730030009,37.51948210267233,126.66643546738592,10.0
23080730030006,37.54784279986003,126.587292122368,0.0
23080730030001,37.51506456919709,126.65269783837805,0.0
23080730030011,37.51835211282341,126.664632094371,19.0
23080730030002,37.520184752175524,126.66497984519755,10.0
23080730030012,37.51876096163611,126.66598141947831,9.0
23080730030010,37.518630589214794,126.66805972073142,22.0
23080730030003,37.52100978591006,126.66827456925245,7.0
23080730030101,37.52293464766482,126.6654258947936,70.0
23080730030106,37.52459962711984,126.66332952204364,70.0
23080730030105,37.5241880173672,126.66628454304058,39.0
23080730030104,37.52317372521447,126.66332143211696,79.0
23080730030103,37.524266363949174,126.66542423037035,79.0
23080730030102,37.52436681457758,126.66451359721086,72.0
23080730030204,37.52130616177375,126.66573225492698,64.0
23080730030203,37.522354457258096,126.66623275918163,65.0
23080730030202,37.520845335510835,126.66688798934953,65.0
23080730030201,37.5217980179313,126.66657889737934,54.0
23080730030303,37.523872456840124,126.6670500525128,83.0
23080730030302,37.5230238417831,126.66825517106938,58.0
23080730030301,37.52420330018468,126.66831116605128,81.0
23080740010001,37.53488104133406,126.66140772594095,58.0
23080740020003,37.53211627674074,126.6580926810511,5.0
23080740020004,37.53359718225987,126.65298643374716,0.0
23080740020001,37.53239582998149,126.65219901181406,0.0
23080740020002,37.533029819881534,126.65762113068914,8.0
23080740020101,37.53132326179372,126.6542463722524,78.0
23080740020102,37.53049398922096,126.65397669512201,40.0
23080740020201,37.53562433915562,126.65156478143732,36.0
23080740020202,37.53469739522105,126.65074440637781,63.0
23080740020203,37.5347016592534,126.6525371723948,56.0
23080740020204,37.53563319453291,126.65265457775486,37.0
23080740020205,37.53562402006139,126.6504060456116,44.0
23080740020301,37.53553338986205,126.6540003127643,55.0
23080740020302,37.53459205047173,126.65415033594063,57.0
23080740020401,37.53141986328993,126.65555020796467,42.0
23080740020402,37.530527881124044,126.65578928464059,55.0
23080740020502,37.535597114074655,126.65748826168189,33.0
23080740020503,37.53466485138413,126.65749898453278,24.0
23080740020501,37.53519154981575,126.65915861457168,34.0
23080740020601,37.53513356974326,126.65564944123078,39.0
23080740020701,37.53095932287107,126.65010796014636,20.0
23080740020702,37.53086202137718,126.65259620189896,90.0
23080740020703,37.53076932148289,126.65122972260173,89.0
23080740020802,37.53128469403064,126.65929059218394,44.0
23080740020803,37.53126835929368,126.65695000727621,46.0
23080740020804,37.53068020221442,126.65746351351318,54.0
23080740020801,37.53066140969523,126.6587868961418,42.0
23080740030001,37.528570680117,126.65523902042143,38.0
23080740030103,37.52947010673961,126.65082514209529,73.0
23080740030102,37.52781477255244,126.65262380301041,76.0
23080740030101,37.52914281165385,126.65258458626846,69.0
23080740030105,37.527492749236295,126.65083076145345,86.0
23080740030104,37.52851074345167,126.65047359524617,95.0
23080740030201,37.52783092342243,126.65725153716276,31.0
23080740030206,37.529366760452326,126.65830748998934,29.0
23080740030205,37.52771401064132,126.65860265730132,45.0
23080740030204,37.52885548716023,126.65920307567296,25.0
23080740030203,37.5293512736698,126.66045678770615,45.0
23080740030202,37.527728894349835,126.66023971046415,55.0
23080740040002,37.53761503147086,126.65464659008909,55.0
23080740040001,37.54007361502498,126.65498803723726,50.0
23080740040103,37.53646860412446,126.65073485846388,62.0
23080740040105,37.53648152008085,126.65249053915214,47.0
23080740040101,37.53752603751851,126.65050890332087,70.0
23080740040102,37.537876098026636,126.65224201971948,45.0
23080740040104,37.537200690482265,126.652254199998,45.0
23080740040201,37.53929545225639,126.652775029403,24.0
23080740040202,37.53983995044123,126.65109347698278,45.0
23080740040203,37.538781845984545,126.6510634278867,54.0
23080740040302,37.53789228072925,126.65929575064993,41.0
23080740040304,37.537882942956,126.65726583961367,87.0
23080740040303,37.536836822436534,126.65930463296701,60.0
23080740040305,37.536817705735025,126.65728069085569,71.0
23080740040301,37.537187981799555,126.65845295254127,88.0
23080740040403,37.538702328963126,126.65741262290159,74.0
23080740040401,37.53977235329409,126.6588921202853,70.0
23080740040402,37.539764835191875,126.65720791483315,77.0
23080740040404,37.538715377312045,126.65909441963481,33.0
23080740050001,37.52364256259305,126.6540866906848,0.0
23080780010001,37.529311279499446,126.6429508785993,41.0
23080780010002,37.52765514485868,126.64249131828768,31.0
23080780010105,37.527700822081954,126.64727005189681,56.0
23080780010107,37.529303713248325,126.64530249969579,35.0
23080780010102,37.527649472316895,126.64564464796445,22.0
23080780010101,37.52863855054055,126.64577927488472,15.0
23080780010104,37.52955769252649,126.64633186766815,48.0
23080780010103,37.52877704069548,126.64877200026343,11.0
23080780010106,37.527664112935135,126.64874854777138,31.0
23080780010108,37.529412468899885,126.64814458018725,33.0
23080780020001,37.53299597984572,126.63534954135426,25.0
23080780020002,37.53205989584317,126.6385689637533,7.0
23080780020102,37.53512769571113,126.63804934690184,63.0
23080780020103,37.53512568778242,126.63708786442692,85.0
23080780020104,37.53513187242878,126.63891199689508,63.0
23080780020101,37.53513710258163,126.63995360142432,55.0
23080780020204,37.53056969942237,126.63904507899205,50.0
23080780020201,37.530821783709484,126.63712801284346,58.0
23080780020202,37.53082868151173,126.6400294470307,38.0
23080780020203,37.53095316214072,126.63832181432933,39.0
23080780030001,37.53947730107588,126.63490488990038,0.0
23080780030107,37.53775960574818,126.63826243951391,69.0
23080780030102,37.538680330016845,126.63709693841462,43.0
23080780030108,37.53775587183061,126.6397714241866,73.0
23080780030105,37.53778483061131,126.63705469968497,61.0
23080780030103,37.538687525161684,126.63803858925057,38.0
23080780030106,37.536628743344494,126.63994883527435,35.0
23080780030101,37.53869143472525,126.63951258008332,68.0
23080780030104,37.536623517281136,126.63869117876857,55.0
23080780030204,37.54104424236447,126.63983226095613,35.0
23080780030203,37.53965526982777,126.639939840243,30.0
23080780030202,37.54073343444281,126.63713727046012,53.0
23080780030201,37.54121478035687,126.63828008632619,42.0
23080780030206,37.5394605563872,126.63749046335859,41.0
23080780030205,37.539898548490136,126.6387232850837,34.0
23080780040002,37.53208697148232,126.64607176203042,0.0
23080780040003,37.53243911892864,126.6473085647438,37.0
23080780040102,37.53085701131247,126.64115596029666,28.0
23080780040101,37.53088984196099,126.6421936082051,31.0
23080780040202,37.535270212951474,126.64183831613421,24.0
23080780040301,37.53129446146424,126.6442452817613,27.0
23080780040302,37.530766105430025,126.64348670725542,33.0
23080780040402,37.530988579516055,126.64714824637885,35.0
23080780040404,37.530997215495255,126.64800976512902,45.0
23080780040403,37.53042679055606,126.64889119734411,36.0
23080780040405,37.530840233573194,126.64514773081643,54.0
23080780040401,37.5313695039547,126.64619058264903,33.0
23080780040406,37.530440875059355,126.64623858304356,40.0
23080780040501,37.53440949496578,126.64363646326444,23.0
23080780040502,37.5353802872543,126.64363298233482,43.0
23080780040607,37.534704960664854,126.64701499275618,85.0
23080780040605,37.53563272993678,126.64798288164934,72.0
23080780040608,37.53513895794432,126.64505261771714,35.0
23080780040606,37.534698729564965,126.64798828527427,53.0
23080780040603,37.535635612019966,126.64700850362733,95.0
23080780040604,37.53517166748765,126.6490980688098,31.0
23080780040601,37.5346997129164,126.64602618868729,79.0
23080780040602,37.535631500836956,126.64602514404062,89.0
23080780050001,37.541224238721995,126.6449104179329,68.0
23080780050003,37.53767626212189,126.6440777308693,41.0
23080780050002,37.537644678941874,126.64156816271728,48.0
23080780050107,37.539891843801314,126.6470454536597,41.0
23080780050106,37.53898156728351,126.64789853476177,49.0
23080780050103,37.54001473020521,126.64867993377483,53.0
23080780050102,37.539862522724526,126.64511516261108,48.0
23080780050105,37.53884872384739,126.64912934036182,49.0
23080780050104,37.541061706627936,126.64557850713626,58.0
23080780050101,37.53965775804575,126.64611027089313,45.0
23080780050208,37.53654476449174,126.64784995569643,58.0
23080780050202,37.537279190063785,126.64759187642191,59.0
23080780050201,37.53691105527294,126.6466428970569,131.0
23080780050204,37.53800339808616,126.64754775551589,68.0
23080780050209,37.53851146747434,126.64640644990355,65.0
23080780050203,37.53782849273291,126.64592524347746,122.0
23080780050206,37.53726114767251,126.64903181790362,53.0
23080780050210,37.5365431053679,126.64613139996534,62.0
23080780050205,37.53787384549779,126.64904888294102,62.0
23080780050211,37.53655025357499,126.6490317337846,45.0
23080780050207,37.53688890653336,126.64508919356764,96.0
23080780060001,37.52679996799726,126.63546975948344,0.0
23080780060107,37.52649398375247,126.63923186121889,49.0
23080780060115,37.52945371932897,126.63931613925192,47.0
23080780060104,37.52945567756878,126.6401494675017,36.0
23080780060101,37.52859279634562,126.63862494675573,41.0
23080780060111,37.52580355410216,126.63801664511931,76.0
23080780060109,37.52774353753929,126.63815012596329,74.0
23080780060106,37.52684319315042,126.63845017039668,65.0
23080780060103,37.52739388495023,126.64019440884935,51.0
23080780060113,37.52945055318779,126.6385181908974,57.0
23080780060110,37.52672797111729,126.6376088772239,55.0
23080780060108,37.528005445513315,126.64009944886685,33.0
23080780060105,37.52868057251324,126.64002757866378,46.0
23080780060102,37.527954516255974,126.6372290925946,69.0
23080780060112,37.5267654463711,126.64044605715547,50.0
23080780060114,37.52778817666268,126.63908215445994,45.0
23080780070001,37.52187630306011,126.64292022212129,0.0
23080780080001,37.54564888619471,126.63890706513179,23.0
23080790010001,37.52678290950043,126.62717864523687,0.0
23080790010101,37.52545073000792,126.62689157803781,52.0
23080790010201,37.525913731147,126.62850206858272,74.0
23080790020105,37.52659071554373,126.63145210916569,45.0
23080790020101,37.52749100908447,126.62945031719687,34.0
23080790020102,37.52645808486502,126.63027222718094,44.0
23080790020103,37.52727545134281,126.6317586282978,52.0
23080790020104,37.527863883891655,126.6311849259932,42.0
23080790020202,37.52908789806121,126.63156935853542,88.0
23080790020203,37.529372641005565,126.63020754838914,86.0
23080790020204,37.52851153558638,126.63034761154938,93.0
23080790020205,37.52839661198918,126.6290313754641,102.0
23080790020201,37.52935225731755,126.62869303163068,110.0
23080790030002,37.52526909211975,126.6311701091556,32.0
23080790030001,37.52348277629815,126.62863221432518,42.0
23080790030101,37.52279407492377,126.62982698471373,56.0
23080790030201,37.52360308373313,126.63204781974254,103.0
23080790040002,37.52093693457357,126.62616056855259,36.0
23080790040001,37.52166286727711,126.62641103754562,49.0
23080790050105,37.52441359110543,126.624234753301,31.0
23080790050104,37.525405150565454,126.62365921081945,58.0
23080790050101,37.52617361640415,126.62460414016684,59.0
23080790050103,37.524786840685614,126.62554634285436,38.0
23080790050102,37.5255417943318,126.6252043115894,38.0
23080790060101,37.526564423081304,126.62322027212151,40.0
23080790060104,37.526933532463204,126.62454874271361,32.0
23080790060102,37.527676361240545,126.62423584478809,40.0
23080790060105,37.527321515157695,126.62290524623353,38.0
23080790060103,37.52859872987223,126.62401322504763,20.0
23080790060106,37.52825002905296,126.62267642363798,48.0
23080790070001,37.52772225461793,126.62676200625448,0.0
23080790070101,37.528657274330904,126.62548389695218,62.0
23080790070201,37.529032817185374,126.62712939596382,62.0
23080790080001,37.51965084764239,126.62514772897492,59.0
23080790080002,37.5195747183393,126.61681774649503,151.0
23080790080102,37.52524568778984,126.62125283431325,40.0
23080790080103,37.525180301603044,126.62256909890496,38.0
23080790080101,37.5237168725796,126.62181465110451,37.0
23080790080104,37.5243144166142,126.62221229834033,68.0
23080790080203,37.527708112323424,126.62077468780456,50.0
23080790080201,37.52657836233836,126.62191434890937,42.0
23080790080202,37.52633178918996,126.62073930729603,52.0
23080790090001,37.542192317035166,126.60755218234156,0.0
23080790100001,37.54076691056425,126.62192295126813,51.0
23080790100003,37.53296903527219,126.62431534501229,10.0
23080790100002,37.53945458126134,126.62493074475226,56.0
23080790100005,37.53245939035895,126.62997583407858,14.0
23080790100004,37.53982811107418,126.62927861765816,37.0
23080790100007,37.54124384444381,126.61619692661559,24.0
23080790100006,37.54803173278516,126.62777109855541,53.0
23080790100009,37.53344541137866,126.62996152475853,10.0
23080790100008,37.55435977598539,126.6246835395227,0.0
23080790100101,37.5372006991489,126.62547908652652,161.0
23080790100202,37.53661841981673,126.62704212754603,116.0
23080790100201,37.53746389385915,126.62735514671269,118.0
23080790100304,37.53746728039912,126.62918902534868,104.0
23080790100301,37.53712521105384,126.63030409100566,83.0
23080790100302,37.538626576183205,126.62997669741783,80.0
23080790100308,37.536492462881405,126.63139950365475,56.0
23080790100307,37.53651666177994,126.62892649793102,95.0
23080790100305,37.537280364674686,126.63140152137582,69.0
23080790100306,37.53831953223113,126.62877709355986,89.0
23080790100303,37.53831166685131,126.63140919249619,105.0
23080790100401,37.538411798427546,126.62096573570548,96.0
23080790100402,37.538592253707556,126.61974505402449,74.0
23080790100502,37.53854314844738,126.62273236363768,88.0
23080790100503,37.537639140433825,126.62237311700464,98.0
23080790100501,37.53788891648011,126.62406919614406,140.0
23080800010024,37.61137026502669,126.6614458164738,19.0
23080800010004,37.61121139734547,126.6573519624722,33.0
23080800010014,37.60112997435659,126.66063000139054,34.0
23080800010021,37.602119005790975,126.66012848959815,23.0
23080800010001,37.610464283251474,126.6392558075671,0.0
23080800010011,37.60752598205807,126.6642462006642,44.0
23080800010009,37.60964363672563,126.66959493297524,33.0
23080800010019,37.61056298850212,126.66374413272163,30.0
23080800010022,37.60658942721062,126.66135155309243,28.0
23080800010002,37.609682399307204,126.65210277660869,14.0
23080800010012,37.605426703782165,126.65993450473852,18.0
23080800010027,37.604647841426214,126.65209409153681,24.0
23080800010007,37.60315541978889,126.65877466689241,19.0
23080800010017,37.60735245924059,126.65592351958485,5.0
23080800010020,37.61223829269598,126.66429922606308,35.0
23080800010028,37.61387745830441,126.66269898991118,16.0
23080800010008,37.60453210401511,126.66125892366661,32.0
23080800010018,37.612329788393836,126.66248439656518,35.0
23080800010025,37.608674414527236,126.66027465713684,29.0
23080800010005,37.61969040043438,126.64726630297868,17.0
23080800010015,37.60944967022086,126.66365408131982,24.0
23080800010010,37.60276134398867,126.66278764324697,17.0
23080800010026,37.60354844044535,126.66165793199063,16.0
23080800010006,37.60339292897381,126.66930719943446,27.0
23080800010016,37.61146684076538,126.66685371052208,35.0
23080800010023,37.61091243989242,126.66930342512534,33.0
23080800010003,37.60366633025284,126.65665452280216,14.0
23080800010013,37.60482934494402,126.65648175730148,13.0
23080800010202,37.61409260434467,126.65656207379094,22.0
23080800010201,37.6145456057134,126.65660616048253,24.0
23080800010301,37.614575880469495,126.65817146104975,25.0
23080800010401,37.614028769765916,126.65876657007288,45.0
23080800010402,37.613238865622314,126.65935099370616,34.0
23080800010601,37.61234370298813,126.66092270634223,20.0
23080800010602,37.611656892810366,126.66203478954691,16.0
23080800010702,37.60485576126319,126.66240634981621,18.0
23080800010701,37.6046406067188,126.66310690757246,11.0
23080800010801,37.60092768914612,126.66190257844447,78.0
23080800010802,37.60144083915367,126.66320729793522,49.0
23080800010901,37.61187865823542,126.65746682104805,27.0
23080800010902,37.61256319585307,126.65835092200288,30.0
23080800011001,37.60551698574621,126.66117653820288,23.0
23080800011002,37.605879386283405,126.66200441933111,8.0
23080800011201,37.60564665066571,126.65859792274841,25.0
23080800011301,37.60381286846679,126.65987812377624,39.0
23080800011401,37.60197239852143,126.66220265070639,6.0
23080800011702,37.6108895758678,126.67171597853692,57.0
23080800011703,37.611184887275385,126.6705669391573,59.0
23080800011701,37.61154145946501,126.6714619391203,45.0
23080800011801,37.614957698713596,126.66006116877132,52.0
23080800011902,37.61004859985815,126.6682154329006,34.0
23080800011901,37.609609222010306,126.66769115829771,33.0
23080800012001,37.604558682908994,126.65837034201586,17.0
23080800012201,37.60634885457121,126.65939058107092,7.0
23080800012302,37.60006105064612,126.66475732450941,33.0
23080800012303,37.600762138418794,126.66450272471108,30.0
23080800012301,37.59939681622477,126.66451935461056,44.0
23080800012403,37.601471660593006,126.66560088583444,31.0
23080800012401,37.60230493870481,126.66498333482131,42.0
23080800012402,37.60153873299318,126.66446410021953,30.0
23080800012501,37.60056989369479,126.66335302371328,27.0
23080800012502,37.59992903275835,126.66291997411298,23.0
23080800012701,37.60384493691387,126.65418322557164,60.0
23080800012702,37.60420513923715,126.65353842082772,61.0
23080800012703,37.60492892856391,126.65466966805907,53.0
23080800012802,37.604167998315916,126.65039054214328,20.0
23080800012801,37.60451984227977,126.65079916936183,29.0
23080800013002,37.604075614910094,126.65245199953354,21.0
23080800013001,37.60449738610159,126.65254101895238,24.0
23080800020102,37.60750193471021,126.67206581161395,39.0
23080810010002,37.630878137131475,126.65257035322351,0.0
23080810010003,37.63079519659824,126.66119738974078,0.0
23080810010001,37.62187072411424,126.67107395960673,0.0
23080810010101,37.61161110963637,126.67330530666364,19.0
23080810020005,37.6123116191607,126.68654554988336,0.0
23080810020004,37.60586267773926,126.68358800595483,27.0
23080810020003,37.61295566357792,126.68425461291649,6.0
23080810020002,37.61033793422683,126.69702641561527,37.0
23080810020001,37.619007827170954,126.68484122002293,5.0
23080810020006,37.62023479820547,126.6922165628042,39.0
23080810020103,37.614327646797335,126.68723858877408,24.0
23080810020102,37.61369605490644,126.68708880614956,38.0
23080810020101,37.61436735550931,126.68640190129277,33.0
23080810020201,37.615787104555324,126.68758614641914,37.0
23080810020203,37.61579636578861,126.6886419325204,29.0
23080810020202,37.615015932488305,126.68805226604093,39.0
23080810020303,37.61717759478298,126.6904998677084,29.0
23080810020302,37.61743706900622,126.68933821382208,14.0
23080810020301,37.61805194242485,126.68992157460883,27.0
23080810020401,37.618562608882364,126.69206990867505,28.0
23080810020402,37.61813890781419,126.6914932775734,34.0
23080810020403,37.617677624957665,126.69160838207128,30.0
23080810020404,37.61712851872986,126.69353638908287,25.0
23080810020405,37.61722237153875,126.69211660475307,25.0
23080810020406,37.616643761429465,126.69353738638821,42.0
23080810020407,37.61759949805459,126.69358748733318,15.0
23080810020408,37.618100612145604,126.69287876090127,36.0
23080810020409,37.616801787580236,126.69208924551742,17.0
23080810020501,37.61942365071379,126.69000464124022,22.0
23080810020603,37.61957488647812,126.69110892389193,21.0
23080810020602,37.62012872491531,126.69053280057709,27.0
23080810020601,37.62057292622151,126.68986608262433,7.0
23080810020701,37.61973984194365,126.69397664467274,19.0
23080810021001,37.61885325308537,126.69369571381968,40.0
23080810021003,37.61879341104959,126.69456799883473,46.0
23080810021002,37.61779387551776,126.69448445149776,32.0
23080810021402,37.61140574757425,126.68504414655442,28.0
23080810021401,37.61095410590766,126.68545338219262,27.0
23080810021502,37.60932834629172,126.68549685909805,33.0
23080810021501,37.609635292399005,126.68625717481366,25.0
23080810021503,37.610165398875985,126.68535725957929,29.0
23080810021603,37.6128583498365,126.68854702447636,34.0
23080810021602,37.6130055648267,126.68768866993588,37.0
23080810021601,37.6135990683331,126.68830135675593,32.0
23080810021703,37.611164884009526,126.68975531761717,79.0
23080810021702,37.611654047489644,126.68888340406465,45.0
23080810021701,37.61224996551683,126.68962186099685,86.0
23080810021801,37.61447028466332,126.68459603101614,19.0
23080840010002,37.595795744508735,126.64269138361219,0.0
23080840010001,37.59541904357227,126.63326505418578,5.0
23080840010102,37.59406850850962,126.6371330479479,47.0
23080840010103,37.595135655989445,126.63786775328123,44.0
23080840010101,37.595103777745024,126.63965059212715,43.0
23080840010104,37.59431299535464,126.6387118030338,33.0
23080840010201,37.59701019500864,126.63794830029424,46.0
23080840010202,37.59604664487754,126.63804175496303,53.0
23080840010302,37.59614019723125,126.64065822947646,24.0
23080840010303,37.59504434282106,126.64118217823386,55.0
23080840010301,37.59566657088169,126.64098844234462,48.0
23080840010401,37.59617559842844,126.64199775588291,46.0
23080840010501,37.59636283336307,126.63337054594366,63.0
23080840010502,37.59616653111919,126.63426483130078,60.0
23080840020001,37.59771075270856,126.64635508892903,0.0
23080840020101,37.596459515547366,126.65047837643961,30.0
23080840020202,37.5996377277811,126.64898221609378,21.0
23080840020201,37.59945920975115,126.64992062560566,34.0
23080840020203,37.600474905242244,126.64900395249065,21.0
23080840030002,37.601559193395026,126.65407904510043,7.0
23080840030003,37.601765153061315,126.65156053273688,7.0
23080840030101,37.600319278194384,126.65043959297006,14.0
23080840030102,37.599663165619,126.651106330061,26.0
23080840030202,37.60239083464963,126.64928348217451,7.0
23080840030301,37.601496498556315,126.6500499751155,21.0
23080840030302,37.60115917863167,126.64944029058015,32.0
23080840030401,37.60330890308355,126.65071125584228,32.0
23080840030402,37.602878544013365,126.65013926668664,39.0
23080840030501,37.60323045220177,126.6525968333699,37.0
23080840030502,37.60266127775384,126.6519376967926,28.0
23080840030503,37.602526470359614,126.65342485623457,24.0
23080840040005,37.59889470712778,126.66183422639635,64.0
23080840040004,37.598868024856465,126.65902692115901,25.0
23080840040001,37.59900880994081,126.65616773362405,53.0
23080840040006,37.60019829298002,126.65875461725528,25.0
23080840040003,37.59189409744895,126.65997104893106,12.0
23080840040002,37.60108104041599,126.65862606274061,25.0
23080840040101,37.599964232029905,126.65600317804777,21.0
23080840040106,37.600383966707966,126.65517314191406,17.0
23080840040103,37.59970726124554,126.65669059146353,23.0
23080840040102,37.60075192316248,126.65696600097336,23.0
23080840040105,37.600820872550145,126.65515980738208,28.0
23080840040104,37.59945768073076,126.65491758234805,31.0
23080840050001,37.59524279913973,126.62726952812326,0.0
23080840050010,37.599668880724735,126.64061896915462,0.0
23080840050003,37.602592826577435,126.63342318008488,21.0
23080840050002,37.590836567208456,126.61847646972159,6.0
23080840050009,37.60039251342776,126.6135101748613,0.0
23080840050008,37.59565751598182,126.61778613872333,0.0
23080840050005,37.57479588475054,126.60314008343612,0.0
23080840050004,37.58931497864332,126.63824399584068,0.0
23080840050007,37.59294820637959,126.60258605735741,0.0
23080840050006,37.57484135838832,126.63748359040024,0.0
23080840050201,37.59998370093869,126.63953903231176,53.0
23080840050202,37.599229077175906,126.63968527320205,52.0
23080840050301,37.600714315979495,126.63932930061911,68.0
23080840050402,37.59774830281694,126.64105334706281,33.0
23080840050401,37.59862065417219,126.6403141953051,42.0
23080850010001,37.588175797981684,126.68464474629273,9.0
23080850010004,37.59023952344389,126.67953944695383,5.0
23080850010002,37.59292879700227,126.68013878422133,20.0
23080850010003,37.58959565222597,126.67862196499813,6.0
23080850010104,37.589169591133825,126.67516226471493,44.0
23080850010101,37.591381776869106,126.67476482962654,14.0
23080850010102,37.589500490087396,126.67584056016302,20.0
23080850010107,37.59040928151142,126.67586679338218,18.0
23080850010108,37.59014850449693,126.67460894680289,24.0
23080850010105,37.590788289543084,126.67468021121225,20.0
23080850010106,37.5916696720652,126.67607905488269,17.0
23080850010103,37.59095538115911,126.67627623872039,43.0
23080850010202,37.58815800623704,126.67851289450456,52.0
23080850010203,37.58874847185579,126.67795656088173,44.0
23080850010206,37.58805633678825,126.67979333115409,37.0
23080850010201,37.587679210817264,126.67722733439473,44.0
23080850010204,37.586878507032935,126.67747621412464,43.0
23080850010205,37.58738489940979,126.67887600337232,46.0
23080850010301,37.58973391861563,126.67684344170826,34.0
23080850010302,37.58871367457687,126.67694162322667,29.0
23080850010402,37.590953740366224,126.67799496163123,46.0
23080850010401,37.59149806610496,126.67799508140644,41.0
23080850010503,37.59282318826216,126.678235789102,41.0
23080850010501,37.593395215244456,126.67772777309104,23.0
23080850010504,37.59231789905989,126.67724137052926,26.0
23080850010502,37.59212483601529,126.67827195043257,40.0
23080850010601,37.584846891592626,126.67739431063451,49.0
23080850010602,37.58432915963202,126.67740130754319,50.0
23080850010603,37.58417784718945,126.67844720244162,57.0
23080850010702,37.59029233656611,126.68059787097829,20.0
23080850010703,37.58989513843503,126.68123912104959,19.0
23080850010706,37.59034170373489,126.68199617460827,15.0
23080850010701,37.58898006090103,126.68229462143525,0.0
23080850010704,37.58885196987107,126.68057888930322,18.0
23080850010705,37.58866491472672,126.6815049483038,13.0
23080850010801,37.58556654955777,126.67932678595265,32.0
23080850010802,37.58530534056331,126.67859925865514,45.0
23080850020010,37.58775681689443,126.6703290110128,66.0
23080850020011,37.58802915527398,126.67187561777094,52.0
23080850020001,37.586527750868484,126.67491642502496,59.0
23080850020002,37.59083985599875,126.6667155538711,46.0
23080850020003,37.590325345620805,126.67040493753224,76.0
23080850020004,37.59331125499342,126.67129682302686,28.0
23080850020005,37.58503631902928,126.67231937013526,0.0
23080850020006,37.59120651451125,126.67249403576602,56.0
23080850020007,37.58768726166569,126.67344443654305,30.0
23080850020008,37.58875646116853,126.67273140281738,53.0
23080850020009,37.58797356856179,126.67430806538843,20.0
23080850020104,37.58681978678858,126.67345022116358,20.0
23080850020103,37.58555722165839,126.67308690585652,32.0
23080850020102,37.58704896342079,126.67217284750487,41.0
23080850020101,37.586115370275635,126.67323767835055,29.0
23080850020202,37.59243969954391,126.66965865347353,56.0
23080850020201,37.59155251175146,126.66949378604403,43.0
23080850020302,37.59194119186115,126.67122527751918,41.0
23080850020301,37.59121269710659,126.67176615291199,60.0
23080850020303,37.59106417761335,126.67083498071314,61.0
23080860010002,37.59656693936012,126.66880098078508,9.0
23080860010005,37.594927710646886,126.66843840739968,24.0
23080860010004,37.59764013459682,126.67367259178367,11.0
23080860010007,37.5956095313565,126.66886134472264,28.0
23080860010006,37.5954676584273,126.66775718167213,45.0
23080860010009,37.59755424928243,126.6708524207807,0.0
23080860010008,37.594302381620686,126.66977259756969,33.0
23080860010001,37.59627311886966,126.66368128918441,0.0
23080860010003,37.594657520705965,126.67224707345007,23.0
23080860010101,37.59913624326825,126.66685344832835,20.0
23080860010102,37.59973624061595,126.6664595742841,21.0
23080860010103,37.59875298193995,126.66614623500685,22.0
23080860010201,37.59661281654822,126.67061956901847,21.0
23080860010302,37.597015897850106,126.67306883481162,31.0
23080860010303,37.59757858128713,126.67230753043293,41.0
23080860010306,37.596465061942745,126.67146387741627,33.0
23080860010301,37.597611589013624,126.67340062165798,45.0
23080860010304,37.59617267105511,126.6721476549966,41.0
23080860010305,37.596223446421796,126.6729388412579,22.0
23080860010401,37.599075541808766,126.67159730087793,40.0
23080860010402,37.59857463125456,126.6719214270931,16.0
23080860010403,37.598225329663535,126.67132395877124,45.0
23080860010502,37.598214726365406,126.6740809142903,37.0
23080860010501,37.59890280644703,126.67454802510605,24.0
23080860010603,37.59922420868734,126.66778630451239,35.0
23080860010606,37.599206920766655,126.66915410268186,37.0
23080860010607,37.59833149379842,126.66806854607462,40.0
23080860010601,37.59840385524987,126.66976960634123,26.0
23080860010604,37.598776661031216,126.67044508747941,23.0
23080860010605,37.59869235944921,126.66896632542066,31.0
23080860010602,37.59773754671887,126.66904322461436,24.0
23080860010701,37.597100820334944,126.66994151942293,32.0
23080860010805,37.59616155472349,126.66501380515518,34.0
23080860010802,37.59648729532277,126.66606092661797,37.0
23080860010803,37.59568207827317,126.66581362148473,44.0
23080860010806,37.59762824008573,126.66637513525217,31.0
23080860010801,37.597004163453235,126.66585588207795,35.0
23080860010804,37.596744163099586,126.66704396822242,34.0
23080860010901,37.59533927242934,126.66666390232798,9.0
23080860010902,37.59461719418013,126.6662608239459,31.0
23080860020001,37.59583358864152,126.6812851955738,0.0
23080860020102,37.594502316639634,126.67639936596309,35.0
23080860020101,37.59487306610059,126.67577423591482,23.0
23080860020103,37.59541152462812,126.67632371373173,29.0
23080860020202,37.59617680481434,126.67601308566498,20.0
23080860020201,37.59686166476089,126.67626090312748,36.0
23080870010008,37.59420251317173,126.69716327741763,5.0
23080870010005,37.595280595336384,126.69071774599317,0.0
23080870010006,37.5953618977659,126.69361332733916,7.0
23080870010003,37.596705790453186,126.70117539800412,21.0
23080870010004,37.59916804258981,126.69901980103178,24.0
23080870010001,37.60136952928165,126.7004672394069,25.0
23080870010002,37.597570257235674,126.69491482492553,65.0
23080870010007,37.60095583755886,126.69772109823548,24.0
23080870010101,37.593770980675956,126.7010880780785,41.0
23080870010201,37.59473765796436,126.70009127484592,34.0
23080870010202,37.59589007766155,126.69988599521679,49.0
23080870010302,37.59637717762893,126.70189623038655,38.0
23080870010301,37.59592282516291,126.7023143800928,43.0
23080870010402,37.595294112146256,126.69735002876408,52.0
23080870010403,37.59601696848249,126.69793606581412,40.0
23080870010401,37.595164176212634,126.69851489198766,28.0
23080870010404,37.59589373368454,126.6962118779142,39.0
23080870010405,37.595333201761164,126.69578539805609,20.0
23080870020001,37.59222201591756,126.69165289056737,21.0
23080870020006,37.590209553641394,126.69952893955244,28.0
23080870020005,37.59014427597026,126.70212917599144,33.0
23080870020004,37.590638776793284,126.70318223498434,28.0
23080870020003,37.593003061576894,126.69761851825918,7.0
23080870020002,37.58672504370154,126.69607763300101,15.0
23080870020007,37.58968371914723,126.7025911183336,34.0
23080870020104,37.58838471722301,126.70344281856649,151.0
23080870020103,37.588015087441086,126.70190171766549,105.0
23080870020102,37.58868766231402,126.70241203442879,130.0
23080870020101,37.58897472670811,126.70148026533722,96.0
23080870020202,37.590803405607176,126.69959156727528,60.0
23080870020201,37.591497862373785,126.69967700609361,50.0
23080870020303,37.59325000856297,126.69411118192427,46.0
23080870020302,37.59367165928016,126.69315779718923,38.0
23080870020301,37.5930347907597,126.6929457891045,32.0
23080870020409,37.591945588680794,126.698560507699,52.0
23080870020404,37.59119513189541,126.69791287616559,45.0
23080870020407,37.59142037398977,126.69629988725043,45.0
23080870020402,37.59174518683574,126.69774792288227,26.0
23080870020405,37.592214923977274,126.69674199921285,50.0
23080870020408,37.590681999322406,126.69558419723302,30.0
23080870020403,37.59218437050867,126.69529956232934,43.0
23080870020406,37.59067740319344,126.69737509353506,44.0
23080870020401,37.59145774504752,126.69505021951726,45.0
23080870020502,37.59118296029832,126.69301238891663,37.0
23080870020501,37.59210866269959,126.6940817871425,42.0
23080870020505,37.591151850281825,126.69390177845088,49.0
23080870020504,37.59219549623595,126.69245705129592,46.0
23080870020503,37.59220540716606,126.6931594603509,44.0
23080880010003,37.59936975506075,126.71161136923175,0.0
23080880010002,37.596060619764344,126.7098160663443,0.0
23080880010101,37.597797626897375,126.71701392637347,17.0
23080880010102,37.598541767912415,126.71547663440023,20.0
23080880010103,37.59791961001242,126.71606961651833,18.0
23080880010202,37.59543749785518,126.70905434296932,89.0
23080880010203,37.59455666165333,126.70831987026953,118.0
23080880010206,37.59435808575964,126.70961361352916,84.0
23080880010201,37.5956108128433,126.70991976679286,108.0
23080880010204,37.59627802193511,126.70929784353203,108.0
23080880010205,37.59594048856506,126.70820028108123,118.0
23080880010307,37.594857410075065,126.7115670885731,118.0
23080880010301,37.59478794038884,126.71074319946085,108.0
23080880010304,37.596237292357856,126.71053718898456,112.0
23080880010305,37.59600848857856,126.71234223794819,112.0
23080880010302,37.59598617246726,126.71136346827531,64.0
23080880010303,37.596772490737,126.71169090239165,105.0
23080880010306,37.59480384529097,126.7125237385279,102.0
23080880010402,37.59703541604362,126.71318339006157,130.0
23080880010407,37.59586303707982,126.71552781627697,125.0
23080880010408,37.597221883782055,126.71438978157018,73.0
23080880010405,37.59498210935354,126.71425083057511,121.0
23080880010406,37.59549419123682,126.71348883087691,146.0
23080880010403,37.59777019555386,126.71404405762371,69.0
23080880010404,37.59626774839763,126.71338268841737,76.0
23080880010401,37.59643923171077,126.71460069538246,156.0
23080880010506,37.59765134506323,126.7113258443671,82.0
23080880010503,37.59782230722916,126.70862587184962,87.0
23080880010504,37.597114629679396,126.70913689601281,80.0
23080880010501,37.59952854926406,126.70851498727886,81.0
23080880010509,37.59923834253887,126.70946318231303,53.0
23080880010502,37.59754463325029,126.71011264177776,95.0
23080880010507,37.598671461421446,126.70929225668161,85.0
23080880010508,37.59837233913693,126.71045363376251,73.0
23080880010505,37.59843464575493,126.70775429989756,72.0
23080880010601,37.600910811544594,126.70683072969544,67.0
23080880010604,37.59860955467593,126.70682844908359,75.0
23080880010605,37.598501395267625,126.70596107030093,76.0
23080880010602,37.60008095958924,126.70767021195792,70.0
23080880010603,37.59990648949013,126.7062661163786,77.0
23080880010703,37.60230695380533,126.71005192873541,74.0
23080880010704,37.602054245499424,126.7085790889444,102.0
23080880010701,37.601215844859325,126.7090169688376,92.0
23080880010709,37.60300653046392,126.70933850567988,85.0
23080880010702,37.60277115739333,126.70796834584414,63.0
23080880010707,37.60343184545515,126.70981334083463,60.0
23080880010708,37.60150153120176,126.710128512785,83.0
23080880010705,37.60210604660603,126.70710830591821,94.0
23080880010706,37.60226105736753,126.71097001924434,69.0
23080880010803,37.60309719806132,126.71225429451842,87.0
23080880010801,37.60410863357716,126.7106976315716,69.0
23080880010804,37.60331986578568,126.71103757103477,75.0
23080880010802,37.60405716374223,126.71177870611824,76.0
23080880010901,37.6016110639109,126.71172556786527,95.0
23080880010904,37.59891975471069,126.71444421560453,69.0
23080880010905,37.600805921717274,126.71398223447464,123.0
23080880010903,37.60081542726909,126.7125256151752,116.0
23080880010906,37.59974699983515,126.71360520831205,107.0
23080880010907,37.599724651233295,126.71507530102444,116.0
23080880020002,37.585162997340184,126.70815062902534,0.0
23080880020001,37.587554335220744,126.71206335592709,6.0
23080880020203,37.590907086005714,126.70933815864015,76.0
23080880020202,37.5914507450384,126.70924159905843,96.0
23080880020201,37.59108876795386,126.70815898730537,157.0
23080880020301,37.582030621434534,126.7059750956722,73.0
23080880020302,37.582413565926764,126.70751557129914,58.0
23080880020303,37.58045464666388,126.7062883040028,129.0
23080880020304,37.58041059232326,126.70504607293297,84.0
23080880020305,37.5826609520221,126.7063111748808,61.0
23080880020306,37.58179793526542,126.70715947735228,91.0
23080880020307,37.5809204192333,126.70532799010103,78.0
23080880020308,37.58126028413445,126.70686638949738,82.0
23080880020309,37.581457211025686,126.70569495783181,70.0
23080880020404,37.58174345706255,126.70839776915955,129.0
23080880020403,37.58020232856656,126.70848508215016,77.0
23080880020402,37.58138249754589,126.70928020412119,77.0
23080880020401,37.58047429052341,126.70754257575467,80.0
23080880020504,37.58110133156143,126.71433320458317,47.0
23080880020503,37.58202531847747,126.71293762981483,70.0
23080880020502,37.58221642084139,126.71436130442714,55.0
23080880020501,37.58246828528261,126.71164767395588,52.0
23080880020506,37.581722886276125,126.71127611989456,48.0
23080880020505,37.58123249709636,126.71274248285066,57.0
23080880020602,37.586378644900506,126.70957910955474,108.0
23080880020601,37.58610328840919,126.71247478139452,156.0
23080880020606,37.58541956566622,126.71182045839345,128.0
23080880020605,37.58696269099932,126.71103433830011,136.0
23080880020604,37.58609154634504,126.71067553404662,120.0
23080880020603,37.58739482820533,126.71005312475495,139.0
23080880020705,37.582474061745806,126.70951408429609,87.0
23080880020704,37.58510445097915,126.71018613098964,75.0
23080880020703,37.5832051633698,126.70941951213398,53.0
23080880020702,37.58450968211495,126.71067389858229,70.0
23080880020707,37.584002939692105,126.70971366916869,85.0
23080880020701,37.58311996905057,126.71065878532652,87.0
23080880020706,37.58425150359058,126.71147407693365,78.0
23080880020803,37.58273915898699,126.7135798304265,60.0
23080880020802,37.583993962214315,126.7124464820838,74.0
23080880020801,37.58362059534948,126.7136556667095,64.0
23080880020804,37.583032835763724,126.71224991543485,77.0
23080880020901,37.58448094144214,126.71646653065082,113.0
23080880020902,37.58366423429067,126.71620963174786,108.0
23080880021001,37.582348206625284,126.715441960971,119.0
23080880021004,37.581440340997815,126.71608513099315,106.0
23080880021003,37.582170998302445,126.7167476070197,102.0
23080880021002,37.583036423075676,126.71599502429633,132.0
23080880021105,37.58883455258255,126.70485193730146,89.0
23080880021104,37.58990923237356,126.70498795079556,90.0
23080880021103,37.589817256271,126.70694474816881,60.0
23080880021102,37.58924988519948,126.70586382598779,103.0
23080880021101,37.589077399782454,126.70688622967123,52.0
23080880021203,37.585475326619374,126.70595977671174,79.0
23080880021202,37.58651317038586,126.70658418544078,89.0
23080880021201,37.58776328992869,126.70552524096227,101.0
23080880021205,37.586536994426936,126.70567694395535,94.0
23080880021204,37.587893977972826,126.7066498947824,112.0
23080880021301,37.583933232780836,126.70437110795972,17.0
23080880021303,37.58485892341793,126.70524938699826,30.0
23080880021302,37.58400412645341,126.70562596406552,0.0
23080880021405,37.583046162737574,126.70809544289591,84.0
23080880021404,37.58386445759456,126.70856816450184,71.0
23080880021403,37.58340609222175,126.7065507493667,77.0
23080880021402,37.58416742226867,126.70731722317461,116.0
23080880021401,37.58330616861424,126.70734195854615,89.0
23080880021503,37.5882505441593,126.70826017505696,187.0
23080880021502,37.587265296714406,126.70872667196562,69.0
23080880021501,37.58721531419966,126.70773045575177,98.0
23080880021504,37.58624250883194,126.70808371930445,41.0
23080880021601,37.59123063598711,126.72155616980676,125.0
23080880021603,37.59044575751289,126.71949174437961,131.0
23080880021602,37.590630102171474,126.7206389057757,113.0
23080880021703,37.5886871142203,126.71826067968023,0.0
23080880021702,37.58866028187941,126.71718432359418,0.0
23080880021701,37.58873082153032,126.7157784061004,39.0
23080880021704,37.587881834787744,126.71591559465895,44.0
23080880021802,37.59009924428027,126.71789229410584,31.0
23080880021801,37.5905616669665,126.71717708564543,63.0
23080880021803,37.58999596644527,126.7158580723785,48.0
23080880021902,37.593734021424865,126.71985343509635,80.0
23080880021901,37.593306354428634,126.71897289234053,95.0
23080880022002,37.59232405520472,126.72008012245117,137.0
23080880022001,37.592659458497785,126.72081715242003,104.0
23080730030013,37.555762833325886,126.56857757075218,0.0
23080730030014,37.54623111126357,126.57831725071651,0.0
23090520010028,37.461365161165304,126.64378734955291,67.0
23090520010005,37.46145225858773,126.649139485332,31.0
23090520010015,37.45916394212198,126.65228428487742,0.0
23090520010018,37.45820976186567,126.64648226624234,7.0
23090520010030,37.46070154781681,126.64831260699715,41.0
23090520010010,37.462725164391124,126.64490461175859,15.0
23090520010012,37.46236377800061,126.64598291859612,21.0
23090520010023,37.45902943866747,126.64601118007327,30.0
23090520010020,37.461826337052464,126.64816749580554,11.0
23090520010003,37.460186584792126,126.64344490186564,34.0
23090520010013,37.46123487490174,126.6472695186028,28.0
23090520010025,37.46132310792462,126.64546993866955,30.0
23090520010026,37.46045081064625,126.64699992588461,25.0
23090520010029,37.45981444847395,126.64693593810499,20.0
23090520010006,37.460476846384246,126.65016299295966,25.0
23090520010009,37.46100659748077,126.6498444447047,15.0
23090520010019,37.462553504735844,126.64695680410637,22.0
23090520010001,37.45955711613007,126.64850152395222,53.0
23090520010011,37.46182935518276,126.64565384171894,32.0
23090520010008,37.459651912493335,126.65092418695771,6.0
23090520010004,37.462177285661205,126.65105678896788,12.0
23090520010014,37.458471004870646,126.64953894327294,0.0
23090520010021,37.460106855552375,126.64470036191923,55.0
23090520010027,37.45852892187307,126.64792177643653,6.0
23090520010007,37.46324751309485,126.64928184129553,5.0
23090520010017,37.460484282858395,126.6424805596087,31.0
23090520010024,37.46073698866952,126.64510785345801,53.0
23090520010002,37.463103117554446,126.6478657477444,15.0
23090520010022,37.458993647198,126.6444358944574,34.0
23090520010016,37.45927610638043,126.64665036551936,39.0
23090520011901,37.4637785360575,126.64743241077676,43.0
23090540010004,37.465119004774394,126.65874512344463,7.0
23090540010014,37.461044273501315,126.65448434382441,14.0
23090540010016,37.462282732607335,126.66171716907014,0.0
23090540010027,37.461318170934,126.65573916718569,173.0
23090540010007,37.46338789538699,126.66101011719299,26.0
23090540010017,37.463775344204905,126.66014785307978,25.0
23090540010022,37.46176066390021,126.65342113741406,11.0
23090540010013,37.464896528356604,126.65140286877073,33.0
23090540010002,37.464586192779855,126.65821939641911,5.0
23090540010012,37.464666108947846,126.65446939358284,10.0
23090540010025,37.463388376725106,126.65225788559388,5.0
23090540010028,37.460500917473,126.65377154324956,11.0
23090540010005,37.46346726491388,126.65706646848045,15.0
23090540010008,37.462157212460625,126.65934400212711,25.0
23090540010018,37.45946485061917,126.66117489069924,0.0
23090540010020,37.465973590583985,126.65554479876755,27.0
23090540010010,37.460302866889016,126.65942543642637,16.0
23090540010023,37.45953104831068,126.65471938716868,13.0
23090540010003,37.46484370190789,126.65668149074973,30.0
23090540010015,37.46271976428036,126.65849058869624,35.0
23090540010026,37.464014415326,126.65937482984015,27.0
23090540010006,37.46189898654212,126.65651721212858,29.0
23090540010009,37.46544745977127,126.66008081140585,20.0
23090540010019,37.46565020616884,126.653291802927,110.0
23090540010001,37.46586732269128,126.65905714274693,36.0
23090540010021,37.46371259320621,126.65778756446763,16.0
23090540010011,37.45983313728364,126.65665035161655,28.0
23090540010024,37.4614909763416,126.66048687075353,5.0
23090560010001,37.4573535388524,126.6485697381014,0.0
23090560020008,37.45717027297323,126.63886051820909,11.0
23090560020001,37.45626147681252,126.63821591032992,12.0
23090560020003,37.45604248711199,126.64322901880871,13.0
23090560020002,37.453981562842316,126.64401741106643,15.0
23090560020005,37.45755862416184,126.64037835110278,36.0
23090560020004,37.45568302125384,126.64780295421986,20.0
23090560020007,37.4577718559662,126.64134382620936,22.0
23090560020006,37.45962552231118,126.63951856514156,15.0
23090560020009,37.45720625258934,126.64016974547265,13.0
23090560020202,37.45486748744945,126.64413773609677,35.0
23090560020203,37.45433405788091,126.64415474977818,37.0
23090560020201,37.45384327921592,126.64414173053562,52.0
23090560020305,37.453814243981334,126.6460059253701,87.0
23090560020306,37.454366478900376,126.64684642838785,65.0
23090560020303,37.45549833719022,126.64715232538535,81.0
23090560020313,37.45342612338282,126.6471463159118,75.0
23090560020309,37.45494814462735,126.64700322558926,84.0
23090560020304,37.45607981465811,126.64628748898689,134.0
23090560020301,37.45547149454045,126.64623930236172,87.0
23090560020311,37.45470755205595,126.6478345639101,120.0
23090560020314,37.45317387759631,126.64624167116793,96.0
23090560020302,37.45461504941238,126.64598595784884,92.0
23090560020312,37.45555104646121,126.64821325020789,103.0
23090560020308,37.45666348618021,126.64618521139035,115.0
23090560020307,37.45617035928061,126.64745712460693,93.0
23090560020310,37.45382157401318,126.64681190618201,90.0
23090560020401,37.45792296198258,126.64452030929642,49.0
23090560020404,37.45678428965623,126.64460632393653,61.0
23090560020402,37.457564802015526,126.64359573378857,40.0
23090560020403,37.45722152708254,126.64531051266354,69.0
23090560020502,37.45544788828404,126.64255290278062,20.0
23090560020503,37.4559436120831,126.64255134870668,21.0
23090560020501,37.456573898441086,126.64239724400852,26.0
23090560020504,37.455886179556856,126.64150576491356,17.0
23090560020505,37.45492169250019,126.6419042424341,23.0
23090560020802,37.45917636852445,126.64193673294572,0.0
23090560020803,37.45827010679839,126.64256102235832,40.0
23090560020801,37.45858026657882,126.643486484302,0.0
23090560020901,37.458462190938555,126.6390200725289,21.0
23090560020902,37.458114639506306,126.63932650911634,37.0
23090560021101,37.45642429372266,126.63879253221887,7.0
23090560021202,37.45851599585281,126.63796710373373,25.0
23090560021203,37.459076667516484,126.638645960616,21.0
23090560021201,37.45890848049124,126.63714916020707,25.0
23090560021301,37.45680175611661,126.63768917047507,61.0
23090560021302,37.457902337370605,126.6372426156679,46.0
23090560021303,37.45729214824211,126.63693611448385,29.0
23090570010002,37.45721150216774,126.65098072392973,0.0
23090570010001,37.45779793738851,126.65316430278479,6.0
23090570010004,37.45859531428886,126.6541385127315,13.0
23090570010003,37.45872790911323,126.65584424712058,8.0
23090570010201,37.45663216865505,126.65386683111319,74.0
23090570020009,37.45409078490249,126.65571929447911,17.0
23090570020008,37.45339156511826,126.64901397623142,0.0
23090570020001,37.45557514831705,126.65355869411195,6.0
23090570020003,37.45438373701843,126.65294156889074,0.0
23090570020002,37.45534445813436,126.65075087380514,0.0
23090570020005,37.45347396081234,126.65149264078768,11.0
23090570020004,37.45461409238735,126.65669449644962,5.0
23090570020007,37.45315292579685,126.65324736275663,7.0
23090570020006,37.453043686126556,126.65011793187129,8.0
23090590010001,37.452231483308886,126.63051432696854,7.0
23090590010101,37.45217768179492,126.63095376737425,58.0
23090590010302,37.452662039990024,126.63175961196579,35.0
23090590010301,37.45329237757603,126.63202508795736,20.0
23090590020004,37.45306078037988,126.64200981086933,0.0
23090590020014,37.452374978686706,126.6324069983719,27.0
23090590020019,37.45311183803279,126.63433140763055,12.0
23090590020001,37.45582995478529,126.63512173492991,14.0
23090590020011,37.451421949214776,126.63773716418041,19.0
23090590020009,37.451831270000426,126.63285054974514,0.0
23090590020022,37.44585918741934,126.6454761959052,0.0
23090590020002,37.4520378133705,126.63838420320761,13.0
23090590020012,37.450917892702904,126.63534876018689,7.0
23090590020021,37.455496070025184,126.63719649272907,29.0
23090590020028,37.45015371708354,126.63928706169186,0.0
23090590020007,37.45396270565505,126.63771030222057,13.0
23090590020008,37.450808501786895,126.6334653679588,21.0
23090590020018,37.454227621045504,126.64074494305169,13.0
23090590020027,37.444450708324766,126.6416829480712,0.0
23090590020010,37.452261968747074,126.6362989554728,12.0
23090590020025,37.44706889123807,126.6487612334752,76.0
23090590020005,37.450099201354064,126.63484813597792,17.0
23090590020015,37.45047088553549,126.63555820834519,11.0
23090590020020,37.454898551628276,126.63758854029118,16.0
23090590020026,37.45314355154074,126.63728520480056,10.0
23090590020006,37.454788278866495,126.63906042025383,38.0
23090590020016,37.45474726536633,126.63569850426745,8.0
23090590020023,37.45554270348847,126.6362386036507,41.0
23090590020017,37.448866899212504,126.64126465243993,5.0
23090590020003,37.45413040728637,126.63481782173,25.0
23090590020013,37.45365118904394,126.6394895751481,15.0
23090590020024,37.45250816288462,126.63482748860082,15.0
23090590020301,37.44592152637873,126.6396741545506,41.0
23090590020302,37.445273015413356,126.64060263602326,25.0
23090590020403,37.44516798073493,126.64269757522561,24.0
23090590020401,37.445034080797605,126.64188836061439,37.0
23090590020404,37.44418955143225,126.64288008303613,31.0
23090590020402,37.446242611795675,126.64237294916815,47.0
23090590020501,37.44661165712611,126.63867661936085,52.0
23090590020602,37.44925933725592,126.63853483867572,27.0
23090590020603,37.44871367347616,126.63931709927081,24.0
23090590020606,37.44745382299893,126.63785643314276,30.0
23090590020601,37.44956671296908,126.63945494578515,35.0
23090590020604,37.448028319066914,126.63710029315712,34.0
23090590020605,37.44840533417807,126.63824840928653,21.0
23090590020701,37.45005712944524,126.64032452072163,7.0
23090590020801,37.45072004522534,126.63989246434348,39.0
23090590020901,37.4495366624378,126.63635040946009,29.0
23090590020902,37.44887244414915,126.63687258989148,25.0
23090590020903,37.44867084543845,126.63574572873397,20.0
23090590021001,37.45044217181098,126.63851402885916,23.0
23090590021002,37.450399437964634,126.63710040998149,36.0
23090590021003,37.44981215702237,126.63770837620388,39.0
23090590021201,37.45263371417709,126.64386391605612,0.0
23090590021202,37.45191973597608,126.64334255552257,19.0
23090590021302,37.449852087871825,126.64112087181091,35.0
23090590021301,37.45068639208367,126.64084076426245,33.0
23090590021401,37.45268446698018,126.63967054666736,40.0
23090590021501,37.45119936974709,126.63941062548619,38.0
23090590021601,37.451817743102396,126.64048758532574,33.0
23090590021705,37.44953820986425,126.64844953071454,59.0
23090590021715,37.44952472681176,126.64450483191838,54.0
23090590021706,37.45100171637258,126.6473937685214,39.0
23090590021716,37.450036196723914,126.64520147111729,53.0
23090590021717,37.44892238277181,126.6488921498103,33.0
23090590021703,37.44868184460271,126.64421744403387,44.0
23090590021713,37.44866577368063,126.64787840836024,48.0
23090590021724,37.450138122195234,126.64824586391862,30.0
23090590021704,37.44855538644352,126.64308385802316,58.0
23090590021714,37.449179789605765,126.64322894545413,57.0
23090590021719,37.44889480608289,126.6453564936615,53.0
23090590021701,37.44764313029674,126.64409659275313,59.0
23090590021711,37.44778488746972,126.64495636033485,47.0
23090590021709,37.45049361726472,126.64388046613236,34.0
23090590021722,37.449774805590714,126.643494741829,59.0
23090590021720,37.44956543637046,126.64646413447973,45.0
23090590021702,37.45146227425809,126.64711122658217,27.0
23090590021712,37.44801545554645,126.64576427181133,51.0
23090590021721,37.452151414377305,126.6453248817507,39.0
23090590021707,37.451813447843506,126.64653517848329,39.0
23090590021708,37.44846304919817,126.64680257551754,60.0
23090590021718,37.44781889794669,126.64303852018553,28.0
23090590021723,37.4505610559242,126.6477173803109,37.0
23090590021710,37.45097801608764,126.6449938255934,42.0
23090590030002,37.44477413561025,126.63606834413002,0.0
23090590030106,37.44774441928728,126.63418438335624,19.0
23090590030101,37.44804012213849,126.63512411778616,30.0
23090590030105,37.449197251449704,126.6335123931809,24.0
23090590030103,37.44835828333587,126.63240690180758,22.0
23090590030104,37.448196072488585,126.63362723540074,27.0
23090590030107,37.44756392333697,126.63260343825364,21.0
23090600010002,37.43966064814139,126.65702862511837,0.0
23090600010003,37.43791446802681,126.65673166534299,0.0
23090600010001,37.44122336955741,126.65020245679115,5.0
23090600010102,37.4412286748707,126.66024252788854,30.0
23090600010112,37.44248421962924,126.65698120248393,49.0
23090600010111,37.44132731025662,126.65625784042,48.0
23090600010110,37.44199983031021,126.65782890193414,36.0
23090600010101,37.44058805376956,126.66086617602052,39.0
23090600010109,37.44079646502904,126.65729620889344,31.0
23090600010108,37.441777641491434,126.6569213042559,27.0
23090600010107,37.44183056186344,126.65858604743023,37.0
23090600010106,37.44017314059057,126.65976559324037,27.0
23090600010105,37.440552748259556,126.66172971054141,39.0
23090600010104,37.440758068823094,126.65840742519542,21.0
23090600010103,37.44127903878846,126.65923628999633,25.0
23090600010201,37.44222682093888,126.65458998646714,24.0
23090600010202,37.44293202866803,126.65596938566384,39.0
23090600010203,37.44190181918356,126.65556868506704,27.0
23090600010405,37.44257551176551,126.64151078135717,111.0
23090600010406,37.44142598561797,126.64360323500262,63.0
23090600010401,37.44250458752985,126.64448777510462,79.0
23090600010407,37.44106584473297,126.64447975940037,96.0
23090600010402,37.44350227177505,126.64406488576435,110.0
23090600010403,37.441552084510924,126.64265251086252,72.0
23090600010404,37.44289683919127,126.64364719268855,84.0
23090600010503,37.44311701184354,126.64863634389553,52.0
23090600010504,37.444081753054995,126.64754604227954,65.0
23090600010501,37.44424450285352,126.64821865450084,41.0
23090600010502,37.44300035387061,126.64795969747676,40.0
23090600010601,37.43930153965202,126.66003431147038,37.0
23090600010602,37.43873123557242,126.6601864673568,34.0
23090600010701,37.438825823242055,126.65911976366587,48.0
23090600010802,37.4385818491885,126.6568059573929,10.0
23090600010801,37.43806693307232,126.65702609856534,35.0
23090600010901,37.437622625713495,126.65461035628982,15.0
23090600010902,37.43779724443967,126.65373079376964,36.0
23090600030001,37.440988719762395,126.66757285103364,6.0
23090600030101,37.441443943700584,126.66516809249457,86.0
23090600030104,37.440683806042365,126.66696008688221,88.0
23090600030102,37.441118416579656,126.66349482677657,58.0
23090600030103,37.44058993659836,126.66477511315628,45.0
23090600040002,37.43964716565806,126.66369243581264,0.0
23090600040004,37.43743695437181,126.67569717119892,11.0
23090600040001,37.438292638616275,126.6693142122205,19.0
23090600040007,37.43906103726703,126.66981664424995,6.0
23090600040006,37.438826330279426,126.66386570431129,14.0
23090600040003,37.438563109463495,126.67089934969917,0.0
23090600040005,37.43798284801736,126.67329519653109,12.0
23090600040101,37.43962921640715,126.66632299678571,22.0
23090600040202,37.43833911672048,126.67406295522984,14.0
23090600040201,37.43809666574018,126.67348140884701,0.0
23090600040301,37.43956499329504,126.66867638213905,12.0
23090600040401,37.43898436326485,126.66765712362033,24.0
23090600040501,37.43884704982176,126.66871167207495,6.0
23090600040502,37.43846962362352,126.66902858415328,5.0
23090600050001,37.436633419315434,126.6482306027922,0.0
23090610010001,37.43893559097915,126.67578008122578,5.0
23090610020003,37.44476064937484,126.66801855444778,5.0
23090610020013,37.44222371290512,126.67381801048784,0.0
23090610020006,37.44176392763155,126.66972935012885,7.0
23090610020008,37.446375562648214,126.66439004247488,14.0
23090610020005,37.446443294878364,126.66201592739633,5.0
23090610020010,37.4459578984225,126.66589319074187,27.0
23090610020007,37.440244217335795,126.67440405344975,0.0
23090610020002,37.443316973243604,126.67051563006815,0.0
23090610020009,37.44631659695732,126.66762396489278,14.0
23090610020012,37.443417645404004,126.67557387013703,0.0
23090610020001,37.44293464944078,126.66648754768883,34.0
23090610020011,37.44636154360416,126.66516321737808,13.0
23090610020004,37.44739449221818,126.6645407508496,6.0
23090610020105,37.441455549003905,126.67739494835645,23.0
23090610020103,37.44116434970636,126.67118070072283,13.0
23090610020104,37.440688901873585,126.67234159660529,15.0
23090610020102,37.44204005466668,126.67732806655178,18.0
23090610020107,37.44256163827917,126.67734728788363,12.0
23090610020106,37.44024528948926,126.67155641153879,12.0
23090610020101,37.43988216169818,126.6733183056209,11.0
23090610020203,37.44023287134003,126.67553990936287,20.0
23090610020204,37.439881563267576,126.67724122274731,30.0
23090610020202,37.44040573843516,126.67700909691966,25.0
23090610020201,37.44102077273801,126.67670389722893,25.0
23090610020301,37.442211810626965,126.67594505063148,31.0
23090610020303,37.441678557510926,126.67536083986366,28.0
23090610020302,37.44249978203244,126.67515256134642,18.0
23090610020401,37.442257114192344,126.67255348707592,24.0
23090610020501,37.443168002370584,126.67441263208023,14.0
23090610020503,37.44313556557527,126.67344983556205,12.0
23090610020502,37.4437488604248,126.67388308967978,13.0
23090610020601,37.443830793030706,126.67807627126105,19.0
23090610020603,37.44313276027969,126.67746599275553,11.0
23090610020602,37.443654442681016,126.67681595542678,29.0
23090610020701,37.44129092203245,126.67284656556208,5.0
23090610020801,37.44113917176929,126.67403901982516,35.0
23090610020901,37.446336516467575,126.66931946057369,81.0
23090620010001,37.465532491417456,126.66984963716234,0.0
23090620010006,37.46455856330015,126.66919665094612,34.0
23090620010003,37.46312253343107,126.67181448730837,33.0
23090620010005,37.46580514461269,126.66445937776503,24.0
23090620010008,37.46616368516002,126.66369862257216,24.0
23090620010002,37.465430821209225,126.66549380489806,13.0
23090620010007,37.466458686519296,126.65954520428234,75.0
23090620010004,37.46429679288884,126.671822922143,14.0
23090620010301,37.46598137700852,126.66622289781779,12.0
23090620010302,37.465552987690565,126.66617701154306,22.0
23090620010303,37.465652686545425,126.66713662456232,19.0
23090620010401,37.46502495830913,126.66721163237946,26.0
23090620010501,37.46503262505181,126.6723090325429,15.0
23090620010601,37.46516743867294,126.66877122814992,47.0
23090620020016,37.462235185023985,126.66945952151042,22.0
23090620020008,37.460625535163075,126.67001908645884,24.0
23090620020005,37.46366495944885,126.6623591754022,26.0
23090620020015,37.462571539534856,126.67032931718235,27.0
23090620020010,37.461157250789775,126.670669659033,26.0
23090620020014,37.465259301710795,126.66232773777482,21.0
23090620020007,37.462968783139125,126.66900488056628,36.0
23090620020002,37.463177483516795,126.66394268822847,11.0
23090620020009,37.458460388336995,126.66847522690838,12.0
23090620020001,37.465694502978955,126.66116475458266,14.0
23090620020011,37.46174227583121,126.66774996341763,19.0
23090620020012,37.45986027673752,126.66830723201086,29.0
23090620020004,37.46485874839847,126.66095865412429,15.0
23090620020003,37.459115581410046,126.6695979360052,25.0
23090620020013,37.46190721534479,126.67131020778223,18.0
23090620020006,37.46349713309852,126.66615592276514,25.0
23090620030002,37.462148813777226,126.67498695430638,5.0
23090620030003,37.46194829480623,126.67342360391947,33.0
23090620030001,37.46120331424803,126.67648703351875,35.0
23090620030101,37.459981865364846,126.67638629933535,54.0
23090620030102,37.460139707862,126.67580969682523,43.0
23090620030103,37.45931893456133,126.67604591598415,37.0
23090620030601,37.46018366702936,126.67524269536462,28.0
23090620040006,37.458729045000595,126.67378102059475,10.0
23090620040003,37.46061660664806,126.67216835882884,44.0
23090620040005,37.459574718568035,126.67332852636642,86.0
23090620040002,37.45926852030116,126.67135377637962,28.0
23090620040004,37.458769009114185,126.67519564091873,33.0
23090620040001,37.45768540066369,126.67371309818397,7.0
23090620040101,37.460006842171225,126.67377794878776,12.0
23090620040701,37.45966266650835,126.67191817107704,29.0
23090650010008,37.46360817757494,126.6787461714631,0.0
23090650010002,37.46238815606906,126.67826929741213,30.0
23090650010007,37.46387107917381,126.67432752582445,42.0
23090650010004,37.462816702791535,126.67750750997408,11.0
23090650010010,37.45919659256458,126.67741612972526,33.0
23090650010001,37.45959435890485,126.67913046806325,19.0
23090650010011,37.461120886493,126.67825610357438,47.0
23090650010009,37.46264143686209,126.67898848384583,16.0
23090650010012,37.45977398190597,126.67698724525052,22.0
23090650010003,37.4635116159035,126.67531568720284,35.0
23090650010013,37.46354467714165,126.67654985791079,14.0
23090650010006,37.461382408080446,126.67927198420189,5.0
23090650010005,37.46279340931463,126.67981680301624,32.0
23090650011501,37.46027369391329,126.67789351027797,52.0
23090650011601,37.46008036251196,126.67886615650242,6.0
23090650020001,37.4647406164065,126.67429976135126,16.0
23090650020005,37.46498728324961,126.67627214881703,18.0
23090650020003,37.4650766249633,126.67503754808388,26.0
23090650020004,37.46425089943857,126.68229938679546,0.0
23090650020002,37.46445861223721,126.67558814348764,23.0
23090650020006,37.46457133189379,126.67994368380009,63.0
23090650030006,37.462628043913185,126.68525663881789,26.0
23090650030003,37.45901618374808,126.68167871036073,26.0
23090650030013,37.45901599437761,126.68314648195289,16.0
23090650030009,37.46125319862307,126.6851389544355,28.0
23090650030004,37.46065663659018,126.68166884482017,41.0
23090650030001,37.45987271983657,126.680632105304,19.0
23090650030011,37.46340161961267,126.68360520092217,52.0
23090650030014,37.4607973817658,126.68386216572976,14.0
23090650030002,37.46222446958271,126.68352288944658,17.0
23090650030012,37.45932925624655,126.6853750240784,5.0
23090650030008,37.46076760211628,126.68256966158118,51.0
23090650030007,37.4605581569812,126.68512166092033,34.0
23090650030010,37.462692074587764,126.68150968316475,6.0
23090650030005,37.462154853907776,126.6846019030551,22.0
23090650030015,37.46332104509979,126.68560173942012,27.0
23090650030101,37.45943287709854,126.68370514235693,8.0
23090650030102,37.45898353142221,126.68421239547393,20.0
23090650030201,37.45862293533437,126.68511384815058,40.0
23090650030301,37.463585697104385,126.68480440764395,62.0
23090650030901,37.46175460989459,126.68569236464332,22.0
23090660010001,37.4585139480669,126.66676346322716,26.0
23090660010002,37.45951389677721,126.66476141569385,22.0
23090660010003,37.457431033138676,126.66574202128905,19.0
23090660010004,37.45739242761079,126.66747669209522,21.0
23090660020023,37.45294151360139,126.67232479580352,20.0
23090660020007,37.455419512241356,126.67295025462927,26.0
23090660020017,37.45246072318098,126.67049476795897,17.0
23090660020013,37.45484845815678,126.6763811260612,15.0
23090660020024,37.456646502066235,126.67756794694816,12.0
23090660020020,37.45826795746598,126.6705523924328,23.0
23090660020004,37.45529177857857,126.67774728416806,13.0
23090660020014,37.45425746394638,126.66711513732078,18.0
23090660020010,37.45371272495425,126.67025830534064,11.0
23090660020008,37.45560367000628,126.66657427589298,23.0
23090660020018,37.45422492748567,126.6784133095318,12.0
23090660020025,37.45580532900077,126.67243453466382,32.0
23090660020021,37.455742542639896,126.66901020494628,7.0
23090660020005,37.453056760488415,126.66742583724775,5.0
23090660020015,37.45729077736298,126.66940841214313,14.0
23090660020001,37.45378070951383,126.66564089754182,9.0
23090660020009,37.455107965139675,126.6749252936571,15.0
23090660020019,37.45434141810723,126.66856150893713,42.0
23090660020011,37.45723955473093,126.67847238004485,13.0
23090660020016,37.45480646301993,126.66513985120518,7.0
23090660020003,37.45720143880896,126.67090647591192,41.0
23090660020022,37.45412699342881,126.67376309628119,14.0
23090660020006,37.456193175081,126.67517640800111,17.0
23090660020002,37.45781008638608,126.67713625718454,8.0
23090660020012,37.45655489712549,126.6793539593002,9.0
23090660020101,37.45363452696243,126.66909008635943,61.0
23090660020210,37.45343222647478,126.6777644629145,70.0
23090660020207,37.452195155742764,126.67930102563157,39.0
23090660020202,37.45201238797679,126.67688705495789,59.0
23090660020209,37.45248130546762,126.67354613769271,39.0
23090660020201,37.452068731923475,126.67584763236015,71.0
23090660020211,37.45271702180671,126.67695341744115,71.0
23090660020204,37.4534943977544,126.67615430503714,69.0
23090660020203,37.45287208636345,126.67465218422608,57.0
23090660020213,37.45264848896956,126.6780829623593,64.0
23090660020206,37.45277767296506,126.67590363491792,77.0
23090660020208,37.453277684819014,126.6790917241232,52.0
23090660020205,37.45214772852751,126.67466131357291,56.0
23090660020212,37.45192852594677,126.67815890603757,71.0
23090670010002,37.44933312607535,126.67026822902011,13.0
23090670010007,37.447777743253475,126.67355237383872,9.0
23090670010004,37.44891909807412,126.66967208084833,0.0
23090670010014,37.45113364666356,126.67229114091126,12.0
23090670010010,37.45075121884305,126.66907774804685,22.0
23090670010001,37.444400484509984,126.67448151334375,18.0
23090670010011,37.446867587834646,126.67323127734825,0.0
23090670010016,37.45134564379061,126.67395201714488,13.0
23090670010009,37.45036424539655,126.67344036298283,22.0
23090670010003,37.449842422551,126.667869874553,6.0
23090670010013,37.45165815877353,126.66967856766391,20.0
23090670010012,37.445470237670996,126.67191582526915,6.0
23090670010006,37.446126345037634,126.67398184326629,0.0
23090670010005,37.44983574816833,126.67136938462542,12.0
23090670010015,37.44916908288212,126.67301567236707,6.0
23090670010008,37.45083886115471,126.6709293945374,33.0
23090670010303,37.44634753071293,126.67246066730341,47.0
23090670010305,37.44782417480589,126.6713798122339,42.0
23090670010310,37.44563664997795,126.67170308083634,53.0
23090670010308,37.44792033997928,126.67052631850348,50.0
23090670010302,37.4471563530691,126.67051285197935,36.0
23090670010307,37.44742833748282,126.67215873953259,79.0
23090670010304,37.44534105941721,126.67286613110902,85.0
23090670010301,37.44792152646819,126.66946251639763,30.0
23090670010306,37.447042670393074,126.67132185757308,47.0
23090670010309,37.44635325513781,126.67146091193564,42.0
23090680010005,37.45387389600288,126.68487990608111,15.0
23090680010015,37.45524957512962,126.68391129618634,5.0
23090680010021,37.45634136901547,126.6868404135713,22.0
23090680010001,37.4550837063132,126.68220853207778,13.0
23090680010008,37.451807828302826,126.68178687303198,17.0
23090680010018,37.452784787561235,126.6876997820473,26.0
23090680010006,37.453039145627535,126.68538194358993,15.0
23090680010016,37.45773895453333,126.68410320433662,0.0
23090680010002,37.457215356111554,126.68648873023402,0.0
23090680010012,37.455425902877735,126.68551700524557,0.0
23090680010019,37.45346067334582,126.68263087291697,0.0
23090680010007,37.452176426455054,126.68394255467368,33.0
23090680010017,37.45210869833164,126.68545028020193,14.0
23090680010003,37.45647323216571,126.68868369148812,13.0
23090680010013,37.45527949611172,126.68731859616669,6.0
23090680010009,37.45312599124265,126.68396848231022,11.0
23090680010004,37.454451733609915,126.68066073392319,7.0
23090680010014,37.45669562473348,126.68379214706457,5.0
23090680010020,37.456159967690574,126.68152120709097,6.0
23090680010010,37.45378321420054,126.68143679273065,10.0
23090680010011,37.452441111201225,126.68175682933901,12.0
23090680010101,37.45761265990366,126.68170030410366,90.0
23090680010102,37.457077117839965,126.68054929583231,91.0
23090680010103,37.457977801426466,126.68092973177755,83.0
23090680010104,37.457050747074305,126.68158124887866,73.0
23090680020001,37.45733903975453,126.69052262189079,25.0
23090680020002,37.45404957985596,126.69200098725955,13.0
23090680020106,37.452681911122546,126.69380714628859,57.0
23090680020107,37.45303851463923,126.69235850686891,48.0
23090680020104,37.451826030900015,126.6924436489485,85.0
23090680020105,37.453537288257415,126.69239362490282,59.0
23090680020101,37.45218775056351,126.69375438613963,65.0
23090680020108,37.45404076406996,126.6924843350931,53.0
23090680020109,37.45163017854114,126.6937188808131,51.0
23090680020102,37.4524242900587,126.69268048156434,46.0
23090680020103,37.451715490533225,126.6911628908,46.0
23090680020110,37.45321721082052,126.69383984415954,66.0
23090680020201,37.45650583316536,126.69161613347819,19.0
23090680020205,37.45522225927572,126.69179587224593,26.0
23090680020203,37.456491089339806,126.6903390457678,42.0
23090680020204,37.455786618074335,126.69049317256592,44.0
23090680020202,37.45582026840267,126.69169780784503,38.0
23090690010027,37.466048571735804,126.68321783152263,7.0
23090690010007,37.46945869178309,126.67645824744868,12.0
23090690010017,37.46824863381708,126.67995294597736,6.0
23090690010009,37.46734914629296,126.68232707820134,16.0
23090690010019,37.46716569900773,126.68644406062755,12.0
23090690010024,37.468401830030004,126.68373386579269,5.0
23090690010004,37.466448750386036,126.67823821223118,70.0
23090690010014,37.465485209910675,126.68234831328449,9.0
23090690010021,37.46837180477427,126.67754898994745,7.0
23090690010001,37.46738732324244,126.67773172892095,23.0
23090690010011,37.465583766421425,126.68857936444007,7.0
23090690010026,37.46991456481122,126.67556716111834,6.0
23090690010006,37.46521987456655,126.6909949778225,5.0
23090690010016,37.46992544872016,126.67504488910939,19.0
23090690010008,37.465520263135254,126.68689783993506,6.0
23090690010018,37.464884629557936,126.68773182505993,6.0
23090690010023,37.469938655067,126.67825926830973,0.0
23090690010003,37.47221209127811,126.679613397519,0.0
23090690010013,37.466829390468334,126.67440958580765,18.0
23090690010020,37.46905751405681,126.6804779827306,0.0
23090690010010,37.465423369994284,126.6808120231171,15.0
23090690010025,37.46905625582383,126.67523507559835,6.0
23090690010005,37.46923473633118,126.6784962830504,12.0
23090690010015,37.46753010182919,126.68371145867238,15.0
23090690010022,37.46560612213278,126.6850797139776,10.0
23090690010002,37.46698337392781,126.68059173611768,53.0
23090690010012,37.46618035454607,126.67554548185447,17.0
23090690010104,37.467026333079566,126.68473031832723,63.0
23090690010105,37.46803746364939,126.68548759330113,47.0
23090690010106,37.46764691561834,126.6853717570526,60.0
23090690010101,37.46683985632701,126.68566286014547,72.0
23090690010102,37.468628215020054,126.6861594426939,59.0
23090690010103,37.4687945631045,126.6853683604581,43.0
23090690010501,37.465087653989904,126.6842621207108,16.0
23090690010901,37.46858536710504,126.68258150914254,7.0
23090690011001,37.46922944288769,126.68380712275038,8.0
23090690011201,37.466975624208274,126.67559306941023,19.0
23090690011501,37.46808891092483,126.67651749699841,52.0
23090690011801,37.46815266171123,126.67523678166958,37.0
23090690011802,37.46755748369889,126.67542325506675,32.0
23090690012401,37.465696507659885,126.67813404778077,10.0
23090700010001,37.45710176492949,126.69341499541649,8.0
23090700020005,37.46380169154488,126.69387948619875,10.0
23090700020006,37.46402420747076,126.68677426551172,33.0
23090700020001,37.464372283771276,126.69184515820521,10.0
23090700020002,37.46419330464129,126.68870292052821,24.0
23090700020003,37.463908219112625,126.68860933540103,9.0
23090700020004,37.463919516827325,126.6915127794759,28.0
23090700020101,37.46394622453244,126.68786341696429,14.0
23090700030003,37.45993474881706,126.69278212599954,18.0
23090700030002,37.459438959562064,126.69084544863786,5.0
23090700030001,37.460957891601346,126.69526518926989,22.0
23090700030005,37.46323724884908,126.69062069168407,37.0
23090700030004,37.46251907575287,126.69046481174179,27.0
23090700030106,37.46131098889894,126.6905484220332,51.0
23090700030109,37.462993936742755,126.69325770035302,39.0
23090700030108,37.46210792401219,126.69328957133058,24.0
23090700030111,37.46078335985978,126.69058573420118,43.0
23090700030104,37.46262901686813,126.69182414643129,41.0
23090700030114,37.46195296450199,126.69193530291562,53.0
23090700030107,37.46203138512653,126.69485395842558,58.0
23090700030117,37.46211814759627,126.69567177409624,49.0
23090700030102,37.461664402492865,126.69079538081645,38.0
23090700030112,37.46319897955574,126.69192648825442,33.0
23090700030101,37.46306113914841,126.69462338590951,38.0
23090700030105,37.462739809829294,126.69469524225929,29.0
23090700030115,37.46144268611298,126.69253659648693,36.0
23090700030110,37.46205416839266,126.69421928002936,53.0
23090700030116,37.461533445267555,126.6940752318707,41.0
23090700030103,37.46020255295007,126.69019978648409,38.0
23090700030113,37.4626546818803,126.69244538281704,37.0
23090700040002,37.46013693754153,126.687269986579,26.0
23090700040003,37.4594431118677,126.68836619884024,32.0
23090700040009,37.461066887389244,126.68797849447985,23.0
23090700040008,37.462932737768135,126.6879065909391,16.0
23090700040005,37.45859046212563,126.68715889662482,21.0
23090700040004,37.460750704831916,126.6867668931398,25.0
23090700040007,37.46346365250781,126.68674059501636,37.0
23090700040006,37.46281925841198,126.68936707742205,26.0
23090700040001,37.46182031540849,126.6867178657456,41.0
23090700040011,37.46182718795542,126.68877636794555,27.0
23090700040010,37.46288398135075,126.68674769751085,5.0
23090700040101,37.46335506953439,126.68873121773719,50.0
23090700050001,37.45920488407503,126.69450098977786,8.0
23090700050002,37.45825685672369,126.69280522765683,10.0
23090710010005,37.450524061942325,126.6751625100904,24.0
23090710010010,37.45001096453558,126.67592082076305,19.0
23090710010007,37.44559656623323,126.6763334492712,0.0
23090710010002,37.447246143861385,126.67567606954769,0.0
23090710010012,37.44606872892102,126.67504059166374,8.0
23090710010001,37.44809247911194,126.6760778519684,7.0
23090710010011,37.446650199197386,126.67690200910175,0.0
23090710010004,37.45121833393795,126.67722973377724,23.0
23090710010003,37.44840875171923,126.67757952591238,0.0
23090710010013,37.44917528050723,126.6784961487455,7.0
23090710010006,37.44651040287995,126.67830663871266,0.0
23090710010009,37.444969139499854,126.67780648005049,5.0
23090710010008,37.44740387240415,126.67488217593737,13.0
23090710010101,37.44438047597379,126.67610493118453,57.0
23090710010102,37.445039578555054,126.67594409504802,37.0
23090710010201,37.449735735206126,126.67768642074417,16.0
23090710010203,37.45049431711378,126.67780820417491,14.0
23090710010202,37.45026008587936,126.67908403486469,14.0
23090710020002,37.444895700002746,126.68013871886245,16.0
23090710020001,37.443026073516116,126.67966435292657,6.0
23090710020101,37.44282116454023,126.67884616971425,17.0
23090710020201,37.44749272148197,126.68025089488204,31.0
23090710020202,37.44675192483978,126.68009029222495,12.0
23090710020203,37.44622727081203,126.68006510108681,18.0
23090710020204,37.4457784745862,126.67999825363661,11.0
23090710020301,37.44356446710951,126.68031817158581,14.0
23090720010001,37.44780241029607,126.69096395204615,12.0
23090720010003,37.44988863713383,126.69185591082999,16.0
23090720010004,37.44861655329476,126.69220571001895,19.0
23090720010002,37.44953165203863,126.69045985605605,14.0
23090720020013,37.44859643488273,126.68629679868732,5.0
23090720020005,37.449007662716156,126.68177867325751,0.0
23090720020015,37.44983515474645,126.68841873158311,24.0
23090720020008,37.45005322415544,126.68588662332616,5.0
23090720020002,37.45068558531941,126.68328443744832,23.0
23090720020007,37.448118875619954,126.6827167649706,15.0
23090720020011,37.44895068785874,126.68938176605548,26.0
23090720020010,37.4480146730592,126.68850351623244,6.0
23090720020004,37.446630420778256,126.68463039295393,9.0
23090720020014,37.44471230340054,126.68352538495758,10.0
23090720020001,37.446100558725554,126.68368124148861,8.0
23090720020006,37.45001320892988,126.68059492224441,32.0
23090720020016,37.44288133593405,126.68374237999275,9.0
23090720020009,37.4477213144515,126.68541629708352,6.0
23090720020003,37.44943129699946,126.68289704314185,8.0
23090720020012,37.44953668004173,126.68651058392972,16.0
23090720020103,37.44639823302944,126.68664344016754,59.0
23090720020104,37.44712460365769,126.68951170010365,32.0
23090720020105,37.44709659249608,126.68691730429364,18.0
23090720020101,37.44717275735404,126.68820511638752,52.0
23090720020102,37.4470551075962,126.68568372632961,47.0
23090720020401,37.44480083146327,126.68671465980158,5.0
23090720020402,37.44522601024765,126.68587566171237,7.0
23090720020601,37.448875658738736,126.68401619070534,19.0
23090720020701,37.449874297994825,126.68079448564494,5.0
23090720021002,37.44314331425029,126.68160830461443,25.0
23090720021001,37.44378734266352,126.68137615784077,27.0
23090720021201,37.449859839633646,126.68357877831619,15.0
23090720021202,37.45025090468281,126.68406025498322,0.0
23090720021502,37.44718496213197,126.68235515972113,17.0
23090720021503,37.446171987002806,126.68212461167818,15.0
23090720021504,37.445563762942285,126.68200075925981,23.0
23090720021501,37.44672468389011,126.68202754682765,24.0
23090730010009,37.443114819935836,126.69205236924302,0.0
23090730010010,37.44398235147093,126.69706888576032,0.0
23090730010011,37.44136590059607,126.6937912995108,5.0
23090730010002,37.44428383926867,126.69196586438147,6.0
23090730010003,37.443072396569896,126.69356680028179,6.0
23090730010001,37.44078411982559,126.69929802319854,0.0
23090730010006,37.44533425107176,126.69124925075965,11.0
23090730010007,37.44165433972847,126.69449625137698,5.0
23090730010004,37.44554125494154,126.69327164162883,0.0
23090730010005,37.44648117150871,126.69102697201562,5.0
23090730010008,37.447154667098005,126.69277181644333,7.0
23090730010101,37.444077210174584,126.69585227567393,22.0
23090730010102,37.44345402639085,126.69550283685257,18.0
23090730010202,37.44232178124325,126.69566750356496,29.0
23090730010201,37.442931791388204,126.69523727578877,29.0
23090730010301,37.44170093316497,126.69605409680939,14.0
23090730010302,37.44103589735302,126.69617261160991,39.0
23090730010401,37.44155045656149,126.69772546471243,13.0
23090730010402,37.44089506638912,126.69762394539784,45.0
23090730010502,37.44228605419507,126.69684082164984,36.0
23090730010501,37.44218155610637,126.6979815526546,13.0
23090730010601,37.443254856758614,126.69783861153137,29.0
23090730010702,37.443986860767346,126.69408886175161,18.0
23090730010701,37.44478626453385,126.69496376655896,29.0
23090730020001,37.44243471126896,126.68996002303386,6.0
23090730020002,37.44563861537237,126.68814257740804,7.0
23090730020101,37.444980466753435,126.68789024135421,15.0
23090730020202,37.44635077915143,126.68816592713526,43.0
23090730020201,37.44629073451327,126.68934462491849,41.0
23090740010005,37.43939580238586,126.68075280045761,25.0
23090740010003,37.440055420189395,126.68006994318405,25.0
23090740010004,37.44026352580576,126.68734028647317,11.0
23090740010002,37.44058868263441,126.67888342049577,19.0
23090740010006,37.44100642439176,126.68094729411675,24.0
23090740010001,37.438902858109664,126.68465891750184,7.0
23090740020012,37.436130599181155,126.68023157161456,59.0
23090740020021,37.4329032093558,126.68159530205766,8.0
23090740020019,37.436018600475464,126.68362767877406,14.0
23090740020001,37.436436794773236,126.68536442720236,19.0
23090740020005,37.43587515562645,126.6917375939228,7.0
23090740020015,37.434423004624236,126.68420961470876,15.0
23090740020011,37.43689467917317,126.67803838798376,21.0
23090740020020,37.43667843872939,126.68094714579061,17.0
23090740020008,37.437055690734134,126.68221201036872,23.0
23090740020018,37.437678844809504,126.67823875410863,12.0
23090740020010,37.43542322588912,126.68600343914545,0.0
23090740020014,37.43749880064033,126.67907493802457,21.0
23090740020009,37.438615635698305,126.68030177763862,15.0
23090740020003,37.437791515608446,126.68243865117708,7.0
23090740020013,37.43696822109681,126.68445765711277,20.0
23090740020017,37.43780625738049,126.67998852657738,20.0
23090740020004,37.438017131894625,126.684611661146,15.0
23090740020022,37.43521169524934,126.68256669164327,49.0
23090740020002,37.437425986633485,126.68150261325552,28.0
23090740020006,37.43493187608469,126.68367772244467,29.0
23090740020016,37.43578860813685,126.68167935248452,47.0
23090740020007,37.437921750433745,126.6875766632739,19.0
23090750010001,37.46880751493691,126.64572587900382,0.0
23090750020005,37.467294337980086,126.65367261782484,12.0
23090750020001,37.467508120551095,126.6480633313092,20.0
23090750020002,37.46773064101217,126.65174616302352,0.0
23090750020003,37.46661597283111,126.65248920629097,34.0
23090750020004,37.467298699237446,126.64832420864701,22.0
23090750020301,37.46778157239338,126.64856632580725,5.0
23090750020402,37.46779782612838,126.65013528000465,14.0
23090750020401,37.467289219744956,126.65025315432455,37.0
23090750030002,37.46326495011163,126.64137076039654,28.0
23090750030001,37.46447277063702,126.6429815890294,29.0
23090750030105,37.46631500264824,126.64485366539336,31.0
23090750030104,37.46717757257474,126.64421969046175,49.0
23090750030103,37.46683041881526,126.64511989264282,69.0
23090750030102,37.46602149146328,126.64436902019081,43.0
23090750030101,37.46749165925347,126.64340937404435,43.0
23090750040009,37.46483720202055,126.64683287754995,34.0
23090750040008,37.46619029949282,126.64630601656633,28.0
23090750040005,37.46544884624753,126.64881956857735,14.0
23090750040004,37.46433527606433,126.64760523636687,43.0
23090750040007,37.464230750803914,126.6460563746272,43.0
23090750040006,37.46585223469468,126.65134437157657,35.0
23090750040001,37.46367770702441,126.64450009400203,32.0
23090750040003,37.46575014915894,126.64869108188307,27.0
23090750040002,37.46504243609919,126.64742199391758,40.0
23090750040101,37.46519029087017,126.64958373181209,45.0
23090750040501,37.46531926191265,126.64525565856216,15.0
23090750041301,37.46543443046658,126.6463997265254,51.0
23090750050004,37.46256779374979,126.64029074308519,22.0
23090750050001,37.46136764958348,126.64015742896761,111.0
23090750050003,37.46171537703727,126.64101583426296,64.0
23090750050002,37.461052931490876,126.63973317161873,42.0
23090750050401,37.46159313751634,126.6420565862818,34.0
23090760010001,37.45467458053923,126.65846796141278,24.0
23090760020001,37.454527993252604,126.66378849093292,21.0
23090760020002,37.45400104289376,126.66304407587998,36.0
23090760030006,37.45639366268053,126.6602004490721,6.0
23090760030008,37.458208259488444,126.65667858172117,0.0
23090760030009,37.455931664130745,126.659049776168,14.0
23090760030007,37.45615194578923,126.66202344010156,21.0
23090760030010,37.45501466463908,126.66188265539888,6.0
23090760030001,37.45704350975812,126.66327507688727,23.0
23090760030003,37.457453353717995,126.65575865179642,12.0
23090760030011,37.45539785452456,126.658778062638,8.0
23090760030005,37.456667141361265,126.65609038979257,0.0
23090760030004,37.45598355612212,126.66474034867703,12.0
23090760030002,37.45724961086941,126.65899422258275,19.0
23090770010008,37.47771660604169,126.65477174820936,6.0
23090770010005,37.475749147588054,126.6569454526189,14.0
23090770010007,37.47669786068811,126.65763431752937,22.0
23090770010002,37.477294357576866,126.6607480063456,0.0
23090770010001,37.47858192076548,126.6554709845879,15.0
23090770010004,37.47574525286043,126.6597125723788,24.0
23090770010003,37.47962530414789,126.66042091709262,27.0
23090770010006,37.47693773862757,126.65556612012816,16.0
23090770010201,37.47618829131892,126.66219282226267,112.0
23090770010202,37.475651814926564,126.66257771743598,124.0
23090770020014,37.468885578029095,126.66873860972363,13.0
23090770020005,37.47328839082308,126.66907608177661,5.0
23090770020015,37.46710523965944,126.66501539206888,6.0
23090770020006,37.46704818388705,126.67264088853662,0.0
23090770020016,37.47419446298635,126.6702929985031,16.0
23090770020009,37.47117284174476,126.66625538320477,5.0
23090770020018,37.468273406590605,126.67072672657812,19.0
23090770020007,37.4673941470979,126.66738795634573,19.0
23090770020017,37.467497301839394,126.66301785156195,14.0
23090770020010,37.46793614189326,126.66947949758057,39.0
23090770020019,37.471625682179784,126.67318080728802,11.0
23090770020008,37.468074432260465,126.66536961141927,16.0
23090770020001,37.466101747820396,126.67044828109636,0.0
23090770020011,37.467149336838766,126.66176670677574,23.0
23090770020002,37.468282910874386,126.65893214301656,0.0
23090770020012,37.46857369962721,126.67347088792388,5.0
23090770020003,37.466796671354714,126.67079333869785,31.0
23090770020013,37.47031338070825,126.67089066282145,32.0
23090770020004,37.4717894889278,126.65672378296506,0.0
23090770020101,37.47655886205651,126.65429553048708,58.0
23090770020102,37.476334451183696,126.65324149006918,44.0
23090770020201,37.46882746821492,126.66744310261096,12.0
23090770020501,37.466725616884304,126.6692212680065,5.0
23090770020901,37.470043816945875,126.66813058449462,16.0
23090770021001,37.46879699574667,126.66309351700735,54.0
23090770021002,37.46946575524447,126.66306093794577,96.0
23090770021003,37.469108463080374,126.66379711617832,105.0
23090770021103,37.46947295286309,126.66456133978464,105.0
23090770021104,37.46967912381541,126.66529319284147,48.0
23090770021105,37.469997145542045,126.66577729983443,122.0
23090770021106,37.470475934587206,126.66623883655234,112.0
23090770021101,37.47083966399502,126.66531238952648,93.0
23090770021102,37.47034601317121,126.66447938043537,59.0
23090770021203,37.47461179151444,126.66573846002761,68.0
23090770021204,37.473161119219036,126.66768266415893,39.0
23090770021205,37.4741702669462,126.66669965097755,44.0
23090770021206,37.47297924804815,126.66622787343611,55.0
23090770021201,37.47364981048523,126.66680441551419,62.0
23090770021202,37.47368999255035,126.66534414558022,63.0
23090770021301,37.47484532643228,126.66372719949982,88.0
23090770021302,37.47497701838299,126.66481332654676,81.0
23090770021402,37.47358969950426,126.66184762522039,51.0
23090770021403,37.47331673005604,126.66279248505614,50.0
23090770021404,37.4744465424281,126.6625746983944,65.0
23090770021405,37.472667477825446,126.6629021922176,74.0
23090770021401,37.47337217947759,126.66414852511889,54.0
23090770021501,37.47219550796735,126.66326634818586,31.0
23090770021502,37.47166417999265,126.66357344138355,30.0
23090770021503,37.471085309183785,126.66418336115397,43.0
23510110010007,37.74664760370554,126.4857374744317,0.0
23510110010017,37.75089856667594,126.49434583583768,12.0
23510110010023,37.74669917931097,126.51017378609507,62.0
23510110010033,37.75236331997118,126.51410729536823,29.0
23510110010003,37.74201960958671,126.50476829177774,66.0
23510110010013,37.74414581681285,126.48504373564033,26.0
23510110010026,37.7447777092161,126.47969771112543,10.0
23510110010036,37.751706036647,126.4987689525814,56.0
23510110010006,37.75295508495533,126.48943172189065,43.0
23510110010016,37.742334179409134,126.49626731550224,23.0
23510110010029,37.754293187470324,126.47532033868619,0.0
23510110010022,37.74363902359101,126.49679328841266,36.0
23510110010009,37.747141021227236,126.46280938954028,16.0
23510110010019,37.742215705241826,126.48340907405327,21.0
23510110010012,37.738873968139835,126.45478413047647,22.0
23510110010025,37.75013124639043,126.48169275013542,15.0
23510110010035,37.744789470478175,126.5023191081882,56.0
23510110010005,37.742057543661765,126.50120225416241,27.0
23510110010015,37.75861454850127,126.5010536595225,60.0
23510110010028,37.76318650726345,126.48968983987298,23.0
23510110010021,37.73936126994108,126.48669013573448,16.0
23510110010031,37.741949026332854,126.47668335582998,29.0
23510110010001,37.736748477790364,126.48208540138418,23.0
23510110010011,37.7490446623864,126.48751802730466,8.0
23510110010024,37.7449323397419,126.49905211515312,36.0
23510110010034,37.73278568439239,126.47453930781272,20.0
23510110010004,37.746010387199256,126.48190755576275,39.0
23510110010014,37.73680676331714,126.50200241621214,7.0
23510110010032,37.747565366236664,126.50599090973745,38.0
23510110010002,37.743840686732085,126.49043153601579,12.0
23510110010020,37.751059253336095,126.48314035574542,30.0
23510110010030,37.73860833425843,126.51578349144155,49.0
23510110010010,37.747646620372116,126.49637541180057,15.0
23510110010008,37.7508114095379,126.4798775907098,26.0
23510110010018,37.7491436354439,126.47836155225824,22.0
23510110010027,37.776519662560176,126.49745349820901,21.0
23510110010101,37.73750040002499,126.5077116270989,26.0
23510110010201,37.741682670394454,126.50367475723102,36.0
23510110010401,37.741256610886005,126.48768795141598,35.0
23510110010801,37.74185258685388,126.50282048672634,22.0
23510310010005,37.70840318637509,126.48042566301639,5.0
23510310010002,37.7161530354284,126.50458475397684,26.0
23510310010003,37.72806028079927,126.49979677158748,6.0
23510310010010,37.721676681168745,126.46390971872026,10.0
23510310010006,37.7232718906823,126.48855959329232,10.0
23510310010008,37.726833702561144,126.45220597544535,11.0
23510310010009,37.70086681900746,126.50634869406447,16.0
23510310010001,37.7264732316146,126.47794884211162,20.0
23510310010007,37.71155884466126,126.4717282857042,24.0
23510310010004,37.70979125901977,126.49620290304803,12.0
23510310010101,37.72915968362071,126.48670822480611,37.0
23510310010303,37.72254829107106,126.48254898857486,41.0
23510310010302,37.723429475774424,126.48182880630262,29.0
23510310010301,37.72313722180139,126.48288493184013,37.0
23510310010403,37.72392952481434,126.47990060540101,30.0
23510310010402,37.72409772819305,126.4792765199903,14.0
23510310010401,37.72405609335381,126.47842185086668,43.0
23510320010008,37.663095216548825,126.51101120049893,12.0
23510320010009,37.686927955730155,126.45772154414054,8.0
23510320010006,37.68970885295763,126.49180120127038,16.0
23510320010007,37.6542193665124,126.51756329889965,5.0
23510320010004,37.71067786496728,126.44532467604917,8.0
23510320010005,37.69987519265313,126.46498897050812,15.0
23510320010002,37.66629820553006,126.50101516563576,7.0
23510320010003,37.686053917376015,126.51018688537454,5.0
23510320010001,37.69924377234427,126.44819516155394,0.0
23510320010010,37.68546282144634,126.48565810131515,15.0
23510320010011,37.675668025483965,126.48678852106205,0.0
23510330010005,37.63683731874826,126.48748708636869,13.0
23510330010015,37.62836925459688,126.50986063006819,28.0
23510330010008,37.6179722942706,126.52307838537453,12.0
23510330010011,37.5923204958715,126.51334200333847,5.0
23510330010004,37.634238084727485,126.52522785500467,5.0
23510330010014,37.64445025673579,126.50581497975399,24.0
23510330010020,37.61598716724476,126.54286910496191,0.0
23510330010010,37.64031432278124,126.4896250678108,0.0
23510330010007,37.66270262503141,126.48221182577966,16.0
23510330010003,37.609917126855784,126.47963834342272,7.0
23510330010001,37.63867868092354,126.5002195344097,24.0
23510330010006,37.64399667010643,126.47519958747776,14.0
23510330010016,37.610699436885504,126.50212442057233,11.0
23510330010002,37.63101436552923,126.47413672738065,8.0
23510330010012,37.5899567399775,126.5281095024279,0.0
23510330010009,37.62562005118092,126.48766990495938,5.0
23510330010019,37.64964559001725,126.48578516344041,17.0
23510340010005,37.62370111352552,126.40136721949729,0.0
23510340010008,37.635875991629256,126.43168879092853,8.0
23510340010011,37.6305354902136,126.45324421596264,8.0
23510340010010,37.609640827026006,126.42320933902539,6.0
23510340010002,37.62459369196064,126.38214493592267,9.0
23510340010012,37.61438618725693,126.36947248997633,0.0
23510340010007,37.634921686735325,126.41902787153317,12.0
23510340010009,37.59417316137567,126.40846249083958,0.0
23510340010001,37.61945204339309,126.44237456304613,11.0
23510340010004,37.6025027759181,126.40578487064289,13.0
23510340010013,37.644189675745274,126.40075428347312,0.0
23510340010003,37.60119250846221,126.4537986823016,16.0
23510340010006,37.639518805412656,126.4037297372327,11.0
23510350010005,37.7004301597761,126.42217447415358,16.0
23510350010008,37.68820927357887,126.40408269756212,18.0
23510350010007,37.669089269407074,126.45646329516882,5.0
23510350010002,37.65276048929225,126.4226567904911,15.0
23510350010001,37.64938249906378,126.45908607290691,7.0
23510350010004,37.687796917449795,126.42240708984879,10.0
23510350010003,37.668482366490785,126.44022639565286,18.0
23510350010006,37.66687522150999,126.42355598230725,25.0
23510360010005,37.72892457896158,126.3782836012204,19.0
23510360010004,37.70728287189921,126.37821364443283,22.0
23510360010001,37.71385363565041,126.38930585661207,6.0
23510360010006,37.714939531699834,126.41418350967147,7.0
23510360010003,37.73185496647262,126.41572537808185,8.0
23510360010002,37.723019037551964,126.36192824713024,10.0
23510370010005,37.75238394502146,126.37100848897407,8.0
23510370010008,37.775107121995816,126.3943919189907,0.0
23510370010007,37.751491350816174,126.39913940699311,17.0
23510370010002,37.75524326715579,126.42123105042701,16.0
23510370010001,37.77630539450117,126.41196440792602,8.0
23510370010004,37.766936228313575,126.36829249416165,0.0
23510370010003,37.7657310630327,126.43815441937049,11.0
23510370010006,37.778776449113785,126.4289148496489,16.0
23510380010004,37.81567778468832,126.4256999940612,14.0
23510380010001,37.80215654150474,126.41880414413276,15.0
23510380010003,37.78750053610463,126.37067689027374,10.0
23510380010002,37.799210590577836,126.39617316946986,19.0
23510390010006,37.76646859612676,126.45882585371132,19.0
23510390010003,37.756273052194864,126.4524910079594,5.0
23510390010002,37.77758936664303,126.46335693748804,6.0
23510390010005,37.79486411002543,126.46751300439394,16.0
23510390010004,37.78932200382454,126.45252114694104,5.0
23510390010001,37.76584767508084,126.47433355535337,15.0
23510390010007,37.796475596318544,126.44120076967732,17.0
23510400010002,37.78278324338605,126.30817198048202,0.0
23510400010007,37.809382621907694,126.21459931202287,0.0
23510400010005,37.76611738286627,126.22881437992613,0.0
23510400010008,37.77563130657391,126.20868102183977,0.0
23510400010006,37.7947642408896,126.28839762607751,5.0
23510400010003,37.78582123535265,126.2442040211732,0.0
23510400010004,37.78346547516198,126.2897618864643,8.0
23510400010001,37.80237918041774,126.25522255369981,5.0
23510410010005,37.681373259247806,126.33606815968791,6.0
23510410010008,37.69249171189985,126.37183712459145,0.0
23510410010006,37.691798817492376,126.34231142959071,14.0
23510410010004,37.66470988456499,126.34306734477106,0.0
23510410010001,37.71995256744318,126.30400704703582,10.0
23510420010004,37.608956375275135,125.97507729200899,0.0
23510420010010,37.67787499842545,126.02735101289667,0.0
23510420010002,37.65276919133416,126.26975974556804,0.0
23510330010021,37.63366236919808,126.5331891344351,0.0
23510410010009,37.712576846860834,126.32771880758065,0.0
23510410010002,37.74777366532264,126.2836975381627,0.0
23520310010006,37.54416644668966,126.32764924497071,0.0
23520310010010,37.559635867656105,126.34266464186793,0.0
23520310010002,37.53374088024264,126.35787433907679,5.0
23520320010002,37.662145287407256,125.70404796487115,6.0
23520320010009,37.668760495521695,125.70356339237875,29.0
23520320010010,37.66851674428519,125.6943797993337,0.0
23520320010003,37.66862511634259,125.7172173608702,0.0
23520320010006,37.66226173358113,125.70198013631523,11.0
23520330010008,37.965894191425434,124.7281142041883,18.0
23520330010009,37.96625886897279,124.68297008221181,18.0
23520330010006,37.935552801436806,124.66602853210759,14.0
23520330010007,37.95838159361357,124.66229358369445,0.0
23520330010004,37.961814197200255,124.63323629409119,8.0
23520330010005,37.972737064107136,124.71823157010962,15.0
23520330010002,37.95526853137037,124.67827823011241,88.0
23520330010003,37.95447378998754,124.71244009994706,29.0
23520330010010,37.953691197868075,124.74083731367564,0.0
23520330010001,37.978504867688564,124.70537934099691,22.0
23520340010008,37.81966780302187,124.71013949256071,6.0
23520340010004,37.82079874104893,124.69076164388484,9.0
23520340010006,37.83934905405528,124.70670438962269,11.0
23520350010009,37.049763494589314,125.98119401734134,0.0
23520350010105,37.244629380026,126.10932070435287,0.0
23520350010062,37.224268342663855,126.14463901977722,5.0
23520350010106,37.226050000237,126.12915507591586,0.0
23520350010135,37.20252217045189,126.09642612331635,0.0
23520350010098,36.92863635471106,125.78723211804599,0.0
23520360020043,37.13367361591304,126.26692484365499,0.0
23520370010008,37.25787425625563,126.49774119418001,41.0
23520370010018,37.25758815872319,126.49558183704279,20.0
23520370010059,37.267691107576155,126.49958022025326,0.0
23520370010026,37.26284605466155,126.48808559960344,13.0
23520370010037,37.21281315060184,126.48379894841385,0.0
23520370010007,37.252185795668005,126.46920811845395,7.0
23520370010057,37.27609252117523,126.5078121893823,0.0
23520370010004,37.17565674888529,126.39965212998598,0.0
23520370010064,37.26442572833044,126.44510098028185,5.0
23520370010015,37.241236911546686,126.44556333193889,14.0
23520370010012,37.27688149954141,126.47142758142826,0.0
23520370010003,37.275874238456865,126.48863689606048,5.0
23520370010013,37.25829647351314,126.4579537422394,23.0
23520370010030,37.26589373799779,126.4752114888775,0.0
23520370010040,37.160927755107586,126.37511616771528,0.0
23520370010089,37.22935463147288,126.40670905161859,0.0
23520370020003,37.23453655702433,126.5259960443785,5.0
23520370020002,37.250244866008146,126.52336183154091,20.0
23520370020009,37.24499801206723,126.5498903686823,0.0
23520310010003,37.50506083329003,126.32732484268952,0.0
23520310010005,37.54965692027259,126.26741102625006,0.0
23520310010013,37.536118955379806,126.38690063709575,0.0
23520310020005,37.53489284094073,126.42195149953307,6.0
23520310030002,37.526821946475835,126.45393453249753,5.0
23520320010011,37.652030364465546,125.71300226612394,0.0
23520320010005,37.636837698077855,125.68054758119968,0.0
23520320010013,37.61017763740385,125.71463010692322,0.0
23520340010005,37.77147321528432,124.75099900814317,0.0
23520340010013,37.847967237973975,124.70813233086598,0.0
23520340010002,37.79833035107123,124.65801217202028,0.0
23520350010028,37.28259486975391,126.08616247698168,0.0
23520350010038,36.98229412636301,125.75312360818299,0.0
23520350010018,37.07772183135689,125.97112425528923,0.0
23520350010078,37.02893224555915,125.9950732281544,5.0
23520350010298,37.05894866028124,125.96512264191682,0.0
23520350010100,37.13735152273882,126.01721764797378,0.0
23520350010031,37.1464857491894,125.98081012501704,0.0
23520350010170,37.21017217695516,126.12090678613369,0.0
23520350010285,36.96526026727361,125.82060994875748,0.0
23520350010050,37.199924554452494,126.13892813573521,0.0
23520350010148,37.189834540124814,125.90919563061466,0.0
23520350020004,37.2135875850761,126.17437249202939,8.0
23520360010020,37.25716761654709,126.31362037380075,0.0
23520360010016,37.323415770855654,126.26843661370552,0.0
23520360020029,37.133740644800824,126.30358458377844,0.0
23520370010088,37.28589106314621,126.45597854636621,0.0
23520370010068,37.21218547405948,126.4460497895472,0.0
23520370010048,37.22688697729251,126.35378566032804,0.0
23520370010019,37.22379323300279,126.46911625918209,0.0
23520370010036,37.19129814828216,126.36783464112622,0.0
23520370010006,37.238035568494375,126.47702018095745,0.0
23520370010076,37.20795130541497,126.37140986244944,0.0
23520370010067,37.268122575431214,126.43266289991361,0.0
23520370010024,37.25028690013712,126.50139798847528,0.0
23520370010070,37.2421121411589,126.39300821621687,0.0
23520370020001,37.26068894386222,126.51676436770146,0.0
23520370020007,37.24611095891903,126.54189272055115,0.0
23010530050101,37.464945668994794,126.62414048888674,23.0
23010650020002,37.5314207012473,126.549847095932,18.0
23010681011402,37.48612904746016,126.5471479410441,87.0
23010691010003,37.48897843543422,126.56226602240392,10.0
23020580010211,37.4745176004049,126.63605862152119,57.0
23020610030201,37.47746295870456,126.65093531472029,47.0
23040510021101,37.422525400361266,126.64601270592922,40.0
23040530020601,37.423106739783506,126.68179414502245,22.0
23040580010603,37.39741473806432,126.66951075883539,33.0
23040600010203,37.42639924060116,126.64534277918027,43.0
23040600020205,37.42487168476448,126.64417481966251,39.0
23040640010101,37.39492360696102,126.65933063278864,23.0
23040640020105,37.38571210676392,126.65052974572038,7.0
23040640050001,37.351024752367124,126.61243690264656,0.0
23040650030112,37.37091260844703,126.64840218987436,72.0
23040680010105,37.38818462499363,126.62992698755383,52.0
23040680060101,37.390213761542306,126.6345884041481,78.0
23050510020501,37.44227308824249,126.71568890654483,44.0
23050510020203,37.44731434314642,126.71277994936791,36.0
23050521030121,37.45576320801922,126.71569572878511,51.0
23050530010603,37.45156960280863,126.70387892339161,18.0
23050600010301,37.46396530659359,126.73790688918912,22.0
23050610010301,37.46358812234999,126.72463051206907,45.0
23050620010102,37.45663689346975,126.73209768542776,0.0
23050620010701,37.458595548204116,126.73616704200597,43.0
23050640010010,37.4400519379174,126.74287831405923,6.0
23050720030405,37.40540953107412,126.72896441452198,29.0
23060570020702,37.505162425278215,126.69492975784054,26.0
23060570020601,37.50719066202669,126.69820610272605,20.0
23060580010102,37.5018767764971,126.70224985881276,14.0
23060590010203,37.49357464263591,126.71266251490455,22.0
23060650011003,37.51974835525606,126.73309532380236,53.0
23060650010701,37.52200124771026,126.73906719971637,13.0
23060680010905,37.502147846248086,126.74234454605624,23.0
23070550020702,37.54002733075689,126.73325432865816,6.0
23070550020103,37.54279661117089,126.73128327107439,22.0
23070550020102,37.54124570312354,126.72915196815534,15.0
23070550020101,37.54086965715341,126.73025213386187,7.0
23070550020201,37.54058762881275,126.72892003862601,6.0
23070610010015,37.543799828266835,126.75118950874952,17.0
23070630010204,37.55608261471541,126.74702990328512,30.0
23070630060101,37.54828206940992,126.75627964729361,20.0
23070640020201,37.55389879128874,126.75985310954243,41.0
23080541010603,37.52875780506081,126.6649733906784,70.0
23080730020201,37.521643364188016,126.67274699629026,41.0
23080780040201,37.533188124948694,126.64241804657277,25.0
23080780040005,37.533603351893746,126.64711860718405,17.0
23080790040004,37.52326326440364,126.62546907445534,168.0
23080800020101,37.606974911375,126.67486087000024,31.0
23080840010203,37.59685511842294,126.63966717663021,53.0
23080840030201,37.60340342911716,126.64851009602661,0.0
23080880010902,37.602041055424934,126.71450199004626,124.0
23080730030005,37.51155446505712,126.6175579845149,0.0
23090590030102,37.45014128193955,126.6313193438466,21.0
23510410010007,37.725024939103626,126.2414523825199,0.0
23510420010006,37.66289228172271,126.20355178971603,0.0
23520370010002,37.23804968088821,126.46361318806733,20.0
23520350010202,37.18204803560066,126.05309733687378,0.0
23520360020025,37.142994142828286,126.19792779330243,5.0
23090600020001,37.44480326020845,126.65950981647411,11.0
23090600020003,37.44646803089403,126.65210238063912,0.0
23090600020002,37.442511632888,126.65978990329414,0.0
23090600020102,37.444477820072166,126.65679557033422,16.0
23090600020101,37.44500354036807,126.6571196193623,15.0
23090600020103,37.4437582175176,126.65633631866787,21.0
23090600020207,37.44205500112796,126.66230659142187,10.0
23090600020202,37.44324956059944,126.66033422204923,11.0
23090600020201,37.443447525667615,126.66237821291281,15.0
23090600020204,37.44248670007381,126.66165476669453,26.0
23090600020203,37.4429388483972,126.66241747115907,33.0
23090600020206,37.44176979702798,126.66121345788791,29.0
23090600020208,37.4438335974197,126.66074875784741,30.0
23090600020205,37.44235619668076,126.66074278320647,17.0
23090600020303,37.442796394157945,126.65882173509601,42.0
23090600020304,37.44440947028736,126.65918136505867,36.0
23090600020302,37.44316822342579,126.65787768780112,23.0
23090600020301,37.443703414179964,126.65874041891756,44.0
23090760040025,37.45090361103005,126.66497451989213,0.0
23090760040035,37.44762314556326,126.66192887650377,0.0
23090760040005,37.45374968780071,126.66173324683709,0.0
23090760040015,37.45194061121602,126.66183763191827,0.0
23090760040021,37.450190250182224,126.66390190174589,11.0
23090760040031,37.45364264218249,126.65964341411231,0.0
23090760040001,37.448822350086374,126.66620629671486,0.0
23090760040008,37.450140387320026,126.66225817716578,0.0
23090760040018,37.45241328387262,126.65857181928656,5.0
23090760040028,37.4514490305803,126.66282489658506,0.0
23090760040026,37.452998608408535,126.65687008064666,0.0
23090760040029,37.44866108719613,126.66152653415605,5.0
23090760040006,37.44942898716323,126.66410696982622,13.0
23090760040009,37.45261863790106,126.66040806647499,0.0
23090760040019,37.45022462851271,126.66483340527226,13.0
23090760040016,37.453313780293534,126.66057538199087,0.0
23090760040022,37.45010338567283,126.66078197728109,0.0
23090760040032,37.45092471737391,126.65923354282626,0.0
23090760040002,37.44816979781172,126.66473449108739,6.0
23090760040012,37.45007861942725,126.66644963533662,8.0
23090760040011,37.45176906778216,126.65957774204955,53.0
23090760040027,37.45291138075162,126.66306727657346,0.0
23090760040007,37.448503012939945,126.66266173883476,11.0
23090760040017,37.44938132553983,126.6546071301889,0.0
23090760040023,37.451743552254314,126.66449969439363,10.0
23090760040033,37.45242234336506,126.66590738434259,9.0
23090760040003,37.44790081279384,126.66671087363252,7.0
23090760040013,37.44853700299117,126.65990612541667,11.0
23090760040024,37.452187251921465,126.65475446080411,0.0
23090760040034,37.448974756460885,126.66005603846958,12.0
23090760040004,37.45133180838904,126.66647926466963,5.0
23090760040014,37.44964513032661,126.66192629862769,0.0
23090760040020,37.45190472477764,126.65737978243172,0.0
23090760040030,37.45075811145683,126.66196756825161,0.0
23090760040010,37.44848699658367,126.66333808999161,16.0
